id,date,city/town,distance,location_description,latitude,longitude,geolocation,hazard_type,landslide_type,landslide_size,trigger,storm_name,injuries,fatalities
34,03/02/2007,Cherry Hill,3.40765,Unknown,38.6009,-77.2682,"(38.600900000000003, -77.268199999999993)",Landslide,Landslide,Small,Rain,,,
42,3/22/07,New Philadelphia,3.33522,,40.5175,-81.4305,"(40.517499999999998, -81.430499999999995)",Landslide,Landslide,Small,Rain,,,
56,04/06/2007,Wilkinsburg,2.91977,Urban area,40.4377,-79.916,"(40.4377, -79.915999999999997)",Landslide,Landslide,Small,Rain,,,
59,4/14/07,Châteauguay,2.98682,Above river,45.3226,-73.7771,"(45.322600000000001, -73.777100000000004)",Landslide,Riverbank collapse,Small,Rain,,,
61,4/15/07,Pikeville,5.66542,Below road,37.4325,-82.4931,"(37.432499999999997, -82.493099999999998)",Landslide,Landslide,Small,Downpour,,,0
64,4/20/07,Pikeville,0.23715,,37.4814,-82.5186,"(37.481400000000001, -82.518600000000006)",Landslide,Landslide,Small,Rain,,,
67,4/24/07,Dakota Dunes,2.48033,,42.4941,-96.4576,"(42.494100000000003, -96.457599999999999)",Landslide,Landslide,Small,Rain,,,
77,5/21/07,Pereira,0.62022,,4.8081,-75.6941,"(4.8080999999999996, -75.694100000000006)",Landslide,Mudslide,Large,Rain,,,13
105,6/27/07,Zamora,0.47714,,-4.065,-78.951,"(-4.0650000000000004, -78.950999999999993)",Landslide,Landslide,Medium,Downpour,,,
106,6/27/07,Loja,0.35649,,-3.99,-79.205,"(-3.99, -79.204999999999998)",Landslide,Landslide,Medium,Downpour,,,
107,6/27/07,Sangolquí,33.94603,,-0.356,-78.148,"(-0.35599999999999998, -78.147999999999996)",Landslide,Landslide,Medium,Downpour,,,
109,07/01/2007,Haltom City,0.03668,,32.7995,-97.2688,"(32.799500000000002, -97.268799999999999)",Landslide,Landslide,Medium,Rain,,,
115,07/04/2007,Laguna Chica (Pueblo Nuevo),9.51003,,18.5369,-96.8229,"(18.536899999999999, -96.822900000000004)",Landslide,Landslide,Medium,Rain,,,7
119,07/08/2007,Ottawa,1.74759,,45.4257,-75.6896,"(45.425699999999999, -75.689599999999999)",Landslide,Landslide,Small,Unknown,,,
124,7/13/07,San Carlos,1.70298,,18.4757,-69.914,"(18.4757, -69.914000000000001)",Landslide,Landslide,Small,Unknown,,,
138,7/24/07,Grand Prairie,5.66936,,32.7883,-97.0317,"(32.7883, -97.031700000000001)",Landslide,Landslide,Small,Rain,,,
165,08/09/2007,San José Pinula,4.74385,,14.5667,-90.45,"(14.566700000000001, -90.45)",Landslide,Mudslide,Medium,Rain,,,5
174,08/11/2007,Port Antonio,7.79027,,18.1258,-76.5082,"(18.125800000000002, -76.508200000000002)",Landslide,Landslide,Medium,Rain,,,
185,8/14/07,Meeker,10.87949,,39.9425,-107.8818,"(39.942500000000003, -107.8818)",Landslide,Mudslide,Medium,Rain,,,
186,8/17/07,Pont Cassé,3.39516,,15.3379,-61.361,"(15.337899999999999, -61.360999999999997)",Landslide,Mudslide,Small,Tropical cyclone,Hurricane Dean,,2
187,8/18/07,Caledonia,22.31062,,43.596,-91.2256,"(43.595999999999997, -91.2256)",Landslide,Landslide,Medium,Rain,,,
188,8/18/07,Cody,64.74594,,44.4659,-109.8662,"(44.465899999999998, -109.86620000000001)",Landslide,Landslide,Small,Rain,,,
189,8/18/07,Rochester,0.9999,,44.0304,-92.4671,"(44.0304, -92.467100000000002)",Landslide,Mudslide,Small,Rain,,,
193,8/19/07,La Crosse,13.62525,,43.6796,-91.2194,"(43.679600000000001, -91.219399999999993)",Landslide,Complex,Medium,Rain,,,
194,8/19/07,La Crosse,12.91337,,43.689,-91.2806,"(43.689, -91.280600000000007)",Landslide,Mudslide,Medium,Rain,,,
197,8/20/07,Glendale,3.492,,39.958,-80.7935,"(39.957999999999998, -80.793499999999995)",Landslide,Mudslide,Small,Rain,,,
198,8/21/07,Lanquín,13.39817,,15.6046,-90.0853,"(15.6046, -90.085300000000004)",Landslide,Landslide,Medium,Tropical cyclone,Hurricane Dean,,
199,8/21/07,Morales,12.55184,,15.5163,-88.9286,"(15.516299999999999, -88.928600000000003)",Landslide,Landslide,Medium,Tropical cyclone,Hurricane Dean,,
201,8/23/07,Xochitlaxco (San Baltazar),1.68294,,19.9333,-97.85,"(19.933299999999999, -97.85)",Landslide,Mudslide,Medium,Tropical cyclone,Hurricane Dean,,6
224,09/01/2007,Scarborough,9.11607,,11.2415,-60.6742,"(11.2415, -60.674199999999999)",Landslide,Landslide,Medium,Tropical cyclone,Hurricane Felix,,
225,09/02/2007,El Limón de los Ramos,10.88351,,24.9531,-107.622,"(24.953099999999999, -107.622)",Landslide,Complex,Medium,Tropical cyclone,Tropical Storm Henrietta,,3
228,09/03/2007,Jemez Pueblo,12.89915,,35.7297,-106.713,"(35.729700000000001, -106.71299999999999)",Landslide,Mudslide,Medium,Rain,,,
229,09/04/2007,Bonanza,54.90196,,13.667,-84.2435,"(13.667, -84.243499999999997)",Landslide,Complex,Medium,Tropical cyclone,Hurricane Felix,,
230,09/05/2007,Concepción de Ataco,0.00273,,13.8703,-89.8486,"(13.8703, -89.848600000000005)",Landslide,Mudslide,Medium,Tropical cyclone,Hurricane Felix,,
235,09/05/2007,Hoback,9.42463,,43.2046,-110.8317,"(43.204599999999999, -110.8317)",Landslide,Landslide,Medium,Rain,,,
236,09/05/2007,Ketchum,4.51471,,43.6846,-114.4194,"(43.684600000000003, -114.4194)",Landslide,Mudslide,Medium,Rain,,,
238,09/06/2007,Steamboat Springs,2.63588,,40.4613,-106.8295,"(40.461300000000001, -106.8295)",Landslide,Mudslide,Small,Rain,,,
249,09/09/2007,Heredia,0.26208,,10,-84.1167,"(10, -84.116699999999994)",Landslide,Landslide,Medium,Rain,,,
250,09/09/2007,Roseau,2.59849,,15.3055,-61.3642,"(15.3055, -61.364199999999997)",Landslide,Landslide,Medium,Rain,Tropical Wave,,
268,9/17/07,New Castle,4.25758,,39.5542,-107.5798,"(39.554200000000002, -107.57980000000001)",Landslide,Mudslide,Medium,Rain,,,
277,9/22/07,Guatemala City,2.79113,,14.6229,-90.5316,"(14.6229, -90.531599999999997)",Landslide,Mudslide,Medium,Rain,,,3
284,9/28/07,Xaltepuxtla,7.93258,,20.2,-97.9,"(20.2, -97.9)",Landslide,Mudslide,Medium,Tropical cyclone,Hurricane Lorenzo,,1
297,10/08/2007,Gros Morne,8.70343,,19.699,-72.754,"(19.699000000000002, -72.754000000000005)",Landslide,Landslide,Medium,Downpour,,,
299,10/09/2007,San Ignacio,4.57763,,9.7789,-84.125,"(9.7789000000000001, -84.125)",Landslide,Complex,Medium,Rain,,,4
301,10/11/2007,Atenas,3.08459,,9.9869,-84.407,"(9.9869000000000003, -84.406999999999996)",Landslide,Mudslide,Large,Rain,,,14
302,10/11/2007,,9.56251,,10.0214,-83.9451,"(10.0214, -83.945099999999996)",Landslide,Landslide,Large,Rain,,,10
303,10/12/2007,Cabaret,0.51272,,18.7335,-72.4133,"(18.733499999999999, -72.413300000000007)",Landslide,Complex,Large,Rain,,,23
304,10/12/2007,Maggotty,4.57363,,18.1257,-77.7405,"(18.125699999999998, -77.740499999999997)",Landslide,Complex,Medium,Rain,,,
307,10/13/07,Suárez,8.46579,,2.9437,-76.7719,"(2.9437000000000002, -76.771900000000002)",Landslide,Mudslide,Large,Continuous rain,,,24
314,10/17/07,Bath,0.21825,,17.95,-76.35,"(17.95, -76.349999999999994)",Landslide,Mudslide,Medium,Rain,,,
323,10/24/07,Miramar,3.82425,Mine construction,10.0715,-84.7575,"(10.0715, -84.757499999999993)",Landslide,Mudslide,Medium,Downpour,,,
333,10/29/07,Bajos de Haina,1.72138,,18.427,-70.044,"(18.427, -70.043999999999997)",Landslide,Mudslide,Medium,Tropical cyclone,Tropical Storm Noel,,3
334,10/29/07,Port-au-Prince,2.72168,,18.5146,-72.3361,"(18.514600000000002, -72.336100000000002)",Landslide,Complex,Medium,Tropical cyclone,Tropical Storm Noel,,
339,10/31/07,Easington,6.5194,,17.9384,-76.6479,"(17.938400000000001, -76.647900000000007)",Landslide,Landslide,Medium,Tropical cyclone,Tropical Storm Noel,,1
340,10/31/07,Riversdale,5.46381,,18.2152,-76.9659,"(18.215199999999999, -76.965900000000005)",Landslide,Complex,Medium,Rain,,,
341,10/31/07,Gordon Town,0.96514,,18.037,-76.7088,"(18.036999999999999, -76.708799999999997)",Landslide,Landslide,Medium,Tropical cyclone,Tropical Storm Noel,,
342,10/31/07,Buenavista,4.19108,,17.9493,-92.5534,"(17.949300000000001, -92.553399999999996)",Landslide,Landslide,Medium,Rain,,,18
343,11/01/2007,Río Verde Abajo,3.72637,,19.305,-70.6,"(19.305, -70.599999999999994)",Landslide,Complex,Large,Tropical cyclone,Tropical Storm Noel,,68
346,11/04/2007,Ostuacán,3.74149,,17.39,-93.306,"(17.39, -93.305999999999997)",Landslide,Mudslide,Very_large,Rain,,,5
354,11/12/2007,Saint Annнўд‰ед‹ўs Bay,3.96533,,18.4,-77.2,"(18.399999999999999, -77.2)",Landslide,Landslide,Medium,Rain,,,
357,11/17/07,Roxborough,7.33295,,11.2965,-60.6312,"(11.2965, -60.6312)",Landslide,Landslide,Medium,Rain,,,
376,11/30/07,Rancho Santa Fe,6.48824,,33.0409,-117.1378,"(33.040900000000001, -117.1378)",Landslide,Debris flow,Small,Rain,,,
386,12/08/2007,Lawrenceburg,2.66572,,39.101,-84.822,"(39.100999999999999, -84.822000000000003)",Landslide,Landslide,Medium,Rain,,,
388,12/11/2007,Santiago de los Caballeros,1.10868,,19.455,-70.707,"(19.454999999999998, -70.706999999999994)",Landslide,Landslide,Medium,Tropical cyclone,Tropical Storm Olga,,17
390,12/11/2007,Sangre Grande,29.28864,,10.841,-61.055,"(10.840999999999999, -61.055)",Landslide,Landslide,Medium,Tropical cyclone,Tropical Storm Olga,,3
391,12/11/2007,Roxborough,8.62938,,11.3,-60.644,"(11.3, -60.643999999999998)",Landslide,Landslide,Medium,Tropical cyclone,Tropical Storm Olga,,
392,12/11/2007,Roxborough,2.66802,,11.267,-60.566,"(11.266999999999999, -60.566000000000003)",Landslide,Landslide,Small,Tropical cyclone,Tropical Storm Olga,,
393,12/12/2007,San Juan,6.91777,,18.432,-66.051,"(18.431999999999999, -66.051000000000002)",Landslide,Landslide,Medium,Tropical cyclone,Tropical Storm Olga,,
396,12/16/07,Trafford,0.27058,,40.3875,-79.7569,"(40.387500000000003, -79.756900000000002)",Landslide,Landslide,Medium,Rain,,,3
397,12/19/07,Ambalema,6.9613,,4.847,-74.7631,"(4.8470000000000004, -74.763099999999994)",Landslide,Landslide,Large,Rain,,,
403,01/01/2008,Level Green,0.03251,Above road,40.3916,-79.732,"(40.391599999999997, -79.731999999999999)",Landslide,Landslide,Small,Rain,,,
414,01/06/2008,La Jolla,8.13382,,32.8008,-117.207,"(32.800800000000002, -117.20699999999999)",Landslide,Landslide,Small,Rain,,,
417,01/07/2008,Tijuana,12.53758,,32.5755,-116.9016,"(32.575499999999998, -116.9016)",Landslide,Landslide,Medium,Rain,,,1
418,01/07/2008,Encinitas,3.23702,,33.0643,-117.3042,"(33.064300000000003, -117.30419999999999)",Landslide,Landslide,Medium,Rain,,,
436,1/28/08,La Jolla,1.15586,,32.8464,-117.2619,"(32.846400000000003, -117.2619)",Landslide,Landslide,Medium,Rain,,,
446,02/05/2008,Wickerham Manor-Fisher,1.09139,,40.1833,-79.8965,"(40.183300000000003, -79.896500000000003)",Landslide,Landslide,Medium,Rain,,,
449,02/09/2008,Etna,1.23232,,40.4934,-79.9458,"(40.493400000000001, -79.945800000000006)",Landslide,Landslide,Small,Rain,,,
468,2/28/08,Archidona,50.21741,,-0.4635,-77.8928,"(-0.46350000000000002, -77.892799999999994)",Landslide,Landslide,Medium,Rain,,,7
469,03/04/2008,Homestead,2.97055,,40.4278,-79.9321,"(40.427799999999998, -79.932100000000005)",Landslide,Landslide,Medium,Rain,,,0
472,03/05/2008,Tingo María,17.34318,,-9.2114,-76.1311,"(-9.2113999999999994, -76.131100000000004)",Landslide,Landslide,Medium,Rain,,,7
476,03/09/2008,Green Island,4.36125,,42.7404,-73.6385,"(42.740400000000001, -73.638499999999993)",Landslide,Landslide,Small,Rain,,,0
477,03/10/2008,Pitcairn,0.36435,,40.4041,-79.7822,"(40.4041, -79.782200000000003)",Landslide,Landslide,Small,Rain,,,0
479,3/14/08,Toronto,1.02992,,40.4634,-80.613,"(40.4634, -80.613)",Landslide,Mudslide,Small,Rain,,,
480,3/16/08,Mount Carmel,1.17753,,39.096,-84.2992,"(39.095999999999997, -84.299199999999999)",Landslide,Landslide,Small,Rain,,,0
485,3/24/08,Wellsville,7.05134,,40.5573,-80.707,"(40.557299999999998, -80.706999999999994)",Landslide,Landslide,Small,Rain,,,
487,3/28/08,Ludlow,2.26622,,39.1072,-84.5657,"(39.107199999999999, -84.565700000000007)",Landslide,Landslide,Small,Rain,,,
489,04/01/2008,Quito,1.56942,,-0.2196,-78.5347,"(-0.21959999999999999, -78.534700000000001)",Landslide,Landslide,Medium,Rain,,,
491,04/01/2008,Jerseyville,18.72748,,38.9716,-90.4312,"(38.971600000000002, -90.431200000000004)",Landslide,Landslide,Medium,Rain,,,
494,04/08/2008,Franklin Park,3.60364,,40.5531,-80.0726,"(40.553100000000001, -80.072599999999994)",Landslide,Landslide,Small,Rain,,,
497,04/11/2008,Carhuaz,2.43089,,-9.2965,-77.6613,"(-9.2965, -77.661299999999997)",Landslide,Landslide,Medium,Rain,,,
498,04/11/2008,Westby,0.62955,,43.6516,-90.857,"(43.651600000000002, -90.856999999999999)",Landslide,Landslide,Medium,Unknown,,,
499,4/13/08,Avon,3.03321,,39.625,-106.4879,"(39.625, -106.4879)",Landslide,Mudslide,Small,Rain,,,
501,4/16/08,Ocho Rios,0.53886,,18.4054,-77.1007,"(18.4054, -77.100700000000003)",Landslide,Mudslide,Medium,Rain,,,
506,4/20/08,Port-au-Prince,1.80063,,18.5283,-72.3224,"(18.528300000000002, -72.322400000000002)",Landslide,Mudslide,Medium,Rain,,,3
509,4/25/08,Winona,1.7294,,44.0344,-91.6396,"(44.034399999999998, -91.639600000000002)",Landslide,Mudslide,Small,Rain,,,
514,4/29/08,Newbury,0.08548,,43.3207,-72.0358,"(43.320700000000002, -72.035799999999995)",Landslide,Rockfall,Small,Rain,,,
515,4/29/08,Whitefield,8.19938,,44.4175,-71.6923,"(44.417499999999997, -71.692300000000003)",Landslide,Mudslide,Small,Rain,,,
530,05/09/2008,Chatmoss,8.27691,,36.6619,-79.7199,"(36.661900000000003, -79.719899999999996)",Landslide,Mudslide,Small,Downpour,,,
532,05/12/2008,Montgomery,7.85746,,38.1362,-81.2584,"(38.136200000000002, -81.258399999999995)",Landslide,Rockfall,Small,Rain,,,
546,5/20/08,Fort Wright,0.90111,,39.0447,-84.5289,"(39.044699999999999, -84.528899999999993)",Landslide,Mudslide,Small,Rain,,,
555,5/28/08,Aspen,20.14967,,39.3707,-106.7839,"(39.370699999999999, -106.7839)",Landslide,Mudslide,Small,Rain,,,
556,5/29/08,Bagaces,17.65521,,10.4024,-85.3555,"(10.4024, -85.355500000000006)",Landslide,Landslide,Medium,Tropical cyclone,Tropical Storm Alma,,
562,5/31/08,Medellín,5.1217,,6.2746,-75.6039,"(6.2746000000000004, -75.603899999999996)",Landslide,Complex,Large,Downpour,,,27
563,06/01/2008,Palín,3.1015,,14.4226,-90.6755,"(14.422599999999999, -90.6755)",Landslide,Mudslide,Medium,Tropical cyclone,Tropical Storm Arthur,,1
564,06/02/2008,Santa Tecla,4.96416,,13.7205,-89.2687,"(13.720499999999999, -89.268699999999995)",Landslide,Landslide,Medium,Tropical cyclone,Tropical Storm Arthur,,
577,06/07/2008,Martinsville,0.63962,,39.4279,-86.4209,"(39.427900000000001, -86.420900000000003)",Landslide,Mudslide,Medium,Downpour,,,
590,6/16/08,Hancock,4.46079,,41.942,-75.2291,"(41.942, -75.229100000000003)",Landslide,Mudslide,Small,Rain,,,
591,6/18/08,Guatemala City,3.12614,,14.651,-90.5403,"(14.651, -90.540300000000002)",Landslide,Complex,Medium,Rain,,,8
597,6/20/08,Jasper,30.98796,Above road,35.7885,-92.9331,"(35.788499999999999, -92.933099999999996)",Landslide,Mudslide,Small,Rain,,,
605,6/24/08,Hacarí ,0.38844,,8.32,-73.15,"(8.32, -73.150000000000006)",Landslide,Landslide,Medium,Downpour,,,10
617,6/29/08,Orange,3.31974,,40.78,-74.27,"(40.78, -74.27)",Landslide,Mudslide,Small,Rain,,,
629,07/05/2008,Las Vegas,15.17455,,35.46,-105.19,"(35.46, -105.19)",Landslide,Debris flow,Medium,Downpour,,,
633,07/09/2008,Williamson,2.20331,,37.66,-82.26,"(37.659999999999997, -82.26)",Landslide,Landslide,Small,Downpour,,,
634,07/09/2008,Charleston,3.05313,,38.34,-81.6,"(38.340000000000003, -81.599999999999994)",Landslide,Mudslide,Small,Downpour,,,
635,07/09/2008,Guttenberg,2.88694,,42.8,-91.07,"(42.8, -91.07)",Landslide,Landslide,Small,Downpour,,,
643,7/13/08,Durango,2.94432,,37.25,-107.87,"(37.25, -107.87)",Landslide,Mudslide,Medium,Downpour,,,
644,7/14/08,Quetame,8.58891,,4.41,-73.86,"(4.41, -73.86)",Landslide,Landslide,Medium,Downpour,,,4
649,7/16/08,Brice Prairie,6.28666,,43.89,-91.34,"(43.89, -91.34)",Landslide,Mudslide,Small,Flooding,,,
650,7/17/08,Briceño,6.44532,Burned area,7.16,-75.52,"(7.16, -75.52)",Landslide,Landslide,Medium,Rain,,,8
656,7/21/08,La Unión,0.8064,,14.97,-89.29,"(14.97, -89.29)",Landslide,Mudslide,Medium,Tropical cyclone,Hurricane Dolly,,21
658,7/22/08,Snowmass Village,10.78549,,39.31,-106.93,"(39.31, -106.93)",Landslide,Mudslide,Small,Downpour,,,
659,7/22/08,McCall,29.97781,,44.93,-115.72,"(44.93, -115.72)",Landslide,Mudslide,Medium,Downpour,,,
660,7/22/08,Salmon,25.30277,,44.98,-114.06,"(44.98, -114.06)",Landslide,Mudslide,Medium,Downpour,,,
675,7/28/08,Walsenburg,32.15868,,37.5588,-105.135,"(37.558799999999998, -105.13500000000001)",Landslide,Mudslide,Small,Downpour,,,
686,08/04/2008,Jemez Pueblo,12.68493,,35.7279,-106.715,"(35.727899999999998, -106.715)",Landslide,Mudslide,Small,Rain,,,
690,08/06/2008,Walsenburg,41.47439,,37.59,-105.248,"(37.590000000000003, -105.248)",Landslide,Mudslide,Small,Rain,,,
691,08/06/2008,Woodsville,5.61303,,44.146,-71.9677,"(44.146000000000001, -71.967699999999994)",Landslide,Mudslide,Small,Rain,,,
693,08/07/2008,Ramona,3.32897,,33.047,-116.833,"(33.046999999999997, -116.833)",Landslide,Complex,Small,Downpour,,,
694,08/07/2008,Carbondale,22.50782,,39.2,-107.23,"(39.200000000000003, -107.23)",Landslide,Mudslide,Medium,Rain,,,
695,08/07/2008,Mapleton,5.66291,,40.08,-111.59,"(40.08, -111.59)",Landslide,Mudslide,Medium,Downpour,,,
698,08/08/2008,East Carbon City,67.58127,,38.9749,-110.15,"(38.974899999999998, -110.15)",Landslide,Landslide,Small,Rain,,,
724,8/17/08,Sabana de La Mar,0.75284,,19.056,-69.3822,"(19.056000000000001, -69.382199999999997)",Landslide,Complex,Medium,Tropical cyclone,Tropical Storm Fay,,
728,8/18/08,Caldas,1.27637,,6.08,-75.639,"(6.08, -75.638999999999996)",Landslide,Landslide,Medium,Rain,,,
729,8/18/08,Cereté,0.68544,,8.8856,-75.7967,"(8.8856000000000002, -75.796700000000001)",Landslide,Landslide,Medium,Rain,,,
742,8/23/08,Salida,8.16325,,38.498,-106.08,"(38.497999999999998, -106.08)",Landslide,Mudslide,Small,Rain,,,
743,8/24/08,Perry Park,17.16659,,39.2228,-105.1865,"(39.222799999999999, -105.1865)",Landslide,Mudslide,Medium,Rain,,,
744,8/25/08,San Francisco Chimalpa,2.59637,,19.436,-99.365,"(19.436, -99.364999999999995)",Landslide,Mudslide,Medium,Downpour,,,1
746,8/26/08,La Agustina,5.71058,,18.55,-69.92,"(18.55, -69.92)",Landslide,Mudslide,Medium,Tropical cyclone,Hurricane Gustav,,8
747,8/26/08,Jacmel,4.41574,,18.264,-72.507,"(18.263999999999999, -72.507000000000005)",Landslide,Landslide,Medium,Tropical cyclone,Hurricane Gustav,,25
748,8/26/08,Port-au-Prince,3.50201,,18.509,-72.345,"(18.509, -72.344999999999999)",Landslide,Mudslide,Medium,Tropical cyclone,Hurricane Gustav,,3
750,8/26/08,Cerro Azul,1.84596,,9.1559,-79.4295,"(9.1559000000000008, -79.429500000000004)",Landslide,Landslide,Medium,Downpour,,,
751,8/26/08,Lake Lure,0.85349,,35.4213,-82.2,"(35.421300000000002, -82.2)",Landslide,Mudslide,Small,Rain,,,
756,8/28/08,Mavis Bank,9.83051,,18.0388,-76.574,"(18.038799999999998, -76.573999999999998)",Landslide,Landslide,Medium,Tropical cyclone,Hurricane Gustav,,7
757,8/28/08,Lake Lure,5.17876,,35.4437,-82.2585,"(35.4437, -82.258499999999998)",Landslide,Mudslide,Small,Tropical cyclone,Tropical Storm Fay,,
771,09/03/2008,Gonaïves,4.72379,,19.43,-72.648,"(19.43, -72.647999999999996)",Landslide,Mudslide,Medium,Tropical cyclone,Hurricane Hannah,,26
774,09/04/2008,Bath,1.71217,,17.948,-76.333,"(17.948, -76.332999999999998)",Landslide,Complex,Medium,Tropical cyclone,Tropical Storm Gustav,,
776,09/06/2008,Daniel Flores,1.85787,,9.35,-83.678,"(9.35, -83.677999999999997)",Landslide,Mudslide,Medium,Downpour,,,
779,09/06/2008,Holyoke,2.841,,42.228,-72.629,"(42.228000000000002, -72.629000000000005)",Landslide,Mudslide,Medium,Tropical cyclone,Hurricane Hannah,,
780,09/07/2008,Petit Valley,10.61854,,10.7603,-61.4578,"(10.760300000000001, -61.457799999999999)",Landslide,Landslide,Medium,Downpour,,,
800,9/20/08,Sun Valley,1.58679,,43.7,-114.371,"(43.7, -114.371)",Landslide,Mudslide,Small,Downpour,,,
826,10/03/2008,Tisma,14.49301,,12.12,-85.89,"(12.12, -85.89)",Landslide,Landslide,Medium,Downpour,,,9
837,10/12/2008,Moñitos,23.49217,,8.4,-75.899,"(8.4, -75.899000000000001)",Landslide,Landslide,Medium,Downpour,,,
838,10/12/2008,San Isidro,16.24937,,9.519,-83.706,"(9.5190000000000001, -83.706000000000003)",Landslide,Landslide,Medium,Downpour,,,
839,10/12/2008,Santiago,12.85801,,9.764,-84.397,"(9.7639999999999993, -84.397000000000006)",Landslide,Landslide,Medium,Downpour,,,
841,10/12/2008,Vieux Fort,2.61752,,13.74,-60.946,"(13.74, -60.945999999999998)",Landslide,Landslide,Medium,Downpour,,,
845,10/15/08,Golfito,11.74074,,8.67,-83.064,"(8.67, -83.063999999999993)",Landslide,Landslide,Medium,Downpour,,,
848,10/16/08,Miramar,8.92048,,10.111,-84.809,"(10.111000000000001, -84.808999999999997)",Landslide,Complex,Medium,Downpour,,,
852,10/18/08,San José Poaquil,5.31511,,14.8667,-90.9167,"(14.8667, -90.916700000000006)",Landslide,Landslide,Medium,Tropical cyclone,Tropical Depression 16,,
854,10/19/08,Corquín,0.43391,,14.5637,-88.8693,"(14.563700000000001, -88.869299999999996)",Landslide,Landslide,Large,Tropical cyclone,Tropical Depression 16,,23
855,10/20/08,Tegucigalpa,2.99239,,14.108,-87.2137,"(14.108000000000001, -87.213700000000003)",Landslide,Mudslide,Large,Tropical cyclone,Tropical Depression 16,,29
857,10/22/08,Bathsheba,2.87363,,13.229,-59.54,"(13.228999999999999, -59.54)",Landslide,Mudslide,Medium,Downpour,,,
867,10/28/08,San Sebastián Huehuetenango,1.58358,,15.376,-91.596,"(15.375999999999999, -91.596000000000004)",Landslide,Mudslide,Medium,Downpour,,,
889,11/16/08,Medellín,4.09028,,6.217,-75.576,"(6.2169999999999996, -75.575999999999993)",Landslide,Mudslide,Large,Downpour,,,8
891,11/16/08,Port-of-Spain,1.07831,,10.676,-61.516,"(10.676, -61.515999999999998)",Landslide,Complex,Medium,Downpour,,,1
896,11/20/08,Caracas,2.92493,,10.466,-66.894,"(10.465999999999999, -66.894000000000005)",Landslide,Mudslide,Medium,Downpour,,,8
904,11/24/08,Miranda,0.70558,,3.2468,-76.2226,"(3.2467999999999999, -76.2226)",Landslide,Mudslide,Medium,Downpour,,,10
905,11/25/08,Boquete,9.837,,8.787,-82.344,"(8.7870000000000008, -82.343999999999994)",Landslide,Complex,Medium,Downpour,,,8
908,11/26/08,Valley Center,14.4377,,33.3,-116.9135,"(33.299999999999997, -116.9135)",Landslide,Debris flow,Medium,Rain,,,
928,12/14/08,Morales,23.92309,Above road,15.3796,-90.5316,"(15.3796, -90.531599999999997)",Landslide,Mudslide,Medium,Rain,,2,2
937,12/17/08,Fairbanks Ranch,8.33509,,33.023,-117.105,"(33.023000000000003, -117.105)",Landslide,Mudslide,Small,Rain,,,
938,12/18/08,Petit Valley,5.91101,,10.735,-61.4925,"(10.734999999999999, -61.4925)",Landslide,Mudslide,Medium,Downpour,,,
939,12/19/08,Petit Valley,2.24772,,10.716,-61.546,"(10.715999999999999, -61.545999999999999)",Landslide,Complex,Medium,Downpour,,,
941,12/20/08,"Peñal,",2.57071,,10.158,-61.4449,"(10.157999999999999, -61.444899999999997)",Landslide,Mudslide,Medium,Downpour,,,
946,12/22/08,Harbison Canyon,1.91206,,32.8273,-116.8487,"(32.827300000000001, -116.84869999999999)",Landslide,Complex,Small,Downpour,,,
947,12/22/08,Kingston,2.61361,,35.9,-84.5255,"(35.9, -84.525499999999994)",Landslide,Lahar,Medium,Dam embankment collapse,,,
958,01/07/2009,Maggie Valley,2.71542,,35.507,-83.071,"(35.506999999999998, -83.070999999999998)",Landslide,Landslide,Small,Rain,,,0
975,1/22/09,Mexico City,0.15208,,19.4271,-99.1276,"(19.427099999999999, -99.127600000000001)",Landslide,Landslide,Medium,Downpour,,,2
984,02/12/2009,Pedro García,4.86398,,19.55,-70.639,"(19.55, -70.638999999999996)",Landslide,Mudslide,Medium,Downpour,,,0
995,03/10/2009,Crafton,2.84144,,40.4427,-80.0342,"(40.442700000000002, -80.034199999999998)",Landslide,Mudslide,Small,Rain,,,0
996,3/19/09,Hobo,10.1804,Unknown,2.5384,-75.5299,"(2.5384000000000002, -75.529899999999998)",Landslide,Mudslide,Medium,Continuous rain,,,5
1000,04/08/2009,Sale Creek,11.5102,,35.3561,-85.2314,"(35.356099999999998, -85.231399999999994)",Landslide,Rockfall,Small,Rain,,,0
1001,04/11/2009,Provo,3.35726,,40.2544,-111.6296,"(40.254399999999997, -111.6296)",Landslide,Rockfall,Small,Downpour,,,0
1003,4/13/09,East Lexington,10.60458,,37.8826,-79.3838,"(37.882599999999996, -79.383799999999994)",Landslide,Mudslide,Small,Downpour,,,0
1004,4/14/09,Parcoy,9.64894,,-7.9589,-77.5239,"(-7.9588999999999999, -77.523899999999998)",Landslide,Mudslide,Medium,Downpour,,,12
1005,4/14/09,Aricapampa,0.00442,,-7.8058,-77.7172,"(-7.8057999999999996, -77.717200000000005)",Landslide,Mudslide,Medium,Downpour,,,0
1006,4/14/09,Cottonwood Heights,1.90486,Above road,40.6235,-111.7443,"(40.6235, -111.7443)",Landslide,Rockfall,Small,Rain,,,0
1007,4/15/09,East Millcreek,1.68712,,40.7118,-111.798,"(40.711799999999997, -111.798)",Landslide,Rockfall,Small,Rain,,,0
1008,4/15/09,Canyon Rim,8.13917,Above road,40.7676,-111.7669,"(40.767600000000002, -111.76690000000001)",Landslide,Rockfall,Small,Rain,,,0
1010,4/20/09,East Lexington,13.41471,,37.9137,-79.4305,"(37.913699999999999, -79.430499999999995)",Landslide,Mudslide,Small,Downpour,,,0
1011,4/20/09,Boulder,15.14802,,40.1162,-105.3896,"(40.116199999999999, -105.3896)",Landslide,Mudslide,Small,Rain,,,0
1014,4/24/09,Sahagún,0.14776,,8.9475,-75.4428,"(8.9474999999999998, -75.442800000000005)",Landslide,Mudslide,Large,Downpour,,,1
1017,05/04/2009,Hannibal,1.93676,,39.723,-91.3708,"(39.722999999999999, -91.370800000000003)",Landslide,Landslide,Small,Continuous rain,,,0
1019,05/06/2009,Altamira,1.01848,,-3.1946,-52.2093,"(-3.1945999999999999, -52.209299999999999)",Landslide,Mudslide,Medium,Rain,,,19
1020,05/06/2009,Barra do Corda,61.75306,,-5.0804,-45.601,"(-5.0804, -45.600999999999999)",Landslide,Mudslide,Medium,Rain,,,3
1022,05/08/2009,Hindman,15.41975,,37.4514,-82.8836,"(37.4514, -82.883600000000001)",Landslide,Landslide,Small,Downpour,,,0
1023,05/08/2009,Jackson,9.34774,,37.5495,-83.4892,"(37.549500000000002, -83.489199999999997)",Landslide,Landslide,Small,Downpour,,,0
1024,05/11/2009,Pikeville,11.07489,,37.4072,-82.4322,"(37.407200000000003, -82.432199999999995)",Landslide,Landslide,Small,Downpour,,,
1026,5/17/09,Lenoir,9.72793,,35.9993,-81.564,"(35.999299999999998, -81.563999999999993)",Landslide,Mudslide,Small,Downpour,,,1
1033,5/30/09,Hamlin,11.50494,,38.1761,-82.0843,"(38.176099999999998, -82.084299999999999)",Landslide,Mudslide,Small,Unknown,,,0
1038,6/18/09,Draper,0.79003,,40.53,-111.87,"(40.53, -111.87)",Landslide,Landslide,Medium,Downpour,,,0
1039,6/19/09,Hudson,10.3356,,35.91,-81.41,"(35.909999999999997, -81.41)",Landslide,Rockfall,Medium,Downpour,,,0
1040,6/21/09,Ketchum,1.27144,,43.6883,-114.3755,"(43.688299999999998, -114.3755)",Landslide,Mudslide,Small,Downpour,,,0
1069,7/31/09,Dayton,2.30977,,39.1224,-84.449,"(39.122399999999999, -84.448999999999998)",Landslide,Mudslide,Small,Rain,,,0
1105,8/19/09,Hopkinsville,15.49105,,36.89,-87.6597,"(36.89, -87.659700000000001)",Landslide,Landslide,Small,Unknown,,,0
1116,8/20/09,Prairie du Chien,3.41664,,43.0421,-91.1811,"(43.042099999999998, -91.181100000000001)",Landslide,Landslide,Small,Rain,,,0
1117,8/21/09,Marabella,9.42494,,10.3717,-61.3917,"(10.371700000000001, -61.3917)",Landslide,Landslide,Small,Downpour,,,0
1131,09/01/2009,San José del Cabo,0.05648,,23.0587,-109.6972,"(23.058700000000002, -109.6972)",Landslide,Mudslide,Medium,Tropical cyclone,Hurricane Jimena,,
1140,09/07/2009,Saint-Marc,17.29836,,18.9523,-72.7053,"(18.952300000000001, -72.705299999999994)",Landslide,Mudslide,Medium,Downpour,,,1
1155,09/11/2009,Sparks,1.34835,,31.6632,-106.2307,"(31.6632, -106.2307)",Landslide,Mudslide,Medium,Downpour,,,
1167,9/15/09,Magdalena Contreras,3.49173,,19.3161,-99.2398,"(19.316099999999999, -99.239800000000002)",Landslide,Mudslide,Medium,Downpour,,,3
1177,9/20/09,Altamira,0.885,,19.675,-70.8362,"(19.675000000000001, -70.836200000000005)",Landslide,Landslide,Medium,Downpour,,,2
1178,9/20/09,Tamboril,4.31327,,19.5167,-70.5866,"(19.5167, -70.586600000000004)",Landslide,Landslide,Small,Downpour,,,
1180,9/20/09,Cleveland,15.92157,,34.6768,-83.9076,"(34.6768, -83.907600000000002)",Landslide,Mudslide,Small,Downpour,,,
1182,9/21/09,Livingston,26.97874,,32.804,-88.3108,"(32.804000000000002, -88.3108)",Landslide,Mudslide,Medium,Downpour,,,
1183,9/21/09,Stone Mountain,2.07317,,33.8232,-84.1569,"(33.8232, -84.156899999999993)",Landslide,Mudslide,Small,Downpour,,,
1184,9/21/09,Lookout Mountain,0.80279,Above road,34.977,-85.3665,"(34.976999999999997, -85.366500000000002)",Landslide,Mudslide,Medium,Rain,,,
1185,9/21/09,Brevard,3.61918,,35.2594,-82.7102,"(35.259399999999999, -82.7102)",Landslide,Landslide,Small,Downpour,,,
1186,12/28/09,Santo Domingo de los Colorados,1.16036,Unknown,-0.3152,-78.9724,"(-0.31519999999999998, -78.972399999999993)",Landslide,Mudslide,Medium,Downpour,,5,3
1194,9/26/09,Trenton,1.12077,,34.8695,-85.521,"(34.869500000000002, -85.521000000000001)",Landslide,Mudslide,Medium,Downpour,,,
1195,9/26/09,Gatlinburg,4.11813,,35.7102,-83.5554,"(35.7102, -83.555400000000006)",Landslide,Mudslide,Small,Downpour,,,
1256,10/12/2009,Cedar Hill,6.20618,,32.5383,-96.9854,"(32.5383, -96.985399999999998)",Landslide,Landslide,Small,Rain,,,0
1265,10/17/09,Hyden,10.0765,,37.0702,-83.3777,"(37.0702, -83.377700000000004)",Landslide,Rockfall,Small,Downpour,,,
1266,10/20/09,Carrefour,1.31659,,18.5347,-72.4097,"(18.534700000000001, -72.409700000000001)",Landslide,Landslide,Small,Downpour,,,4
1285,11/08/2009,San Vicente,7.60946,,13.6409,-88.8699,"(13.6409, -88.869900000000001)",Landslide,Complex,Very_large,Tropical cyclone,Tropical Cyclone Ida,,23
1286,11/08/2009,Antiguo Cuscatlán,4.86219,,13.7156,-89.2521,"(13.7156, -89.252099999999999)",Landslide,Mudslide,Medium,Tropical cyclone,Tropical Cyclone Ida,,4
1287,11/08/2009,San Vicente,5.90726,,13.6094,-88.8488,"(13.609400000000001, -88.848799999999997)",Landslide,Rockfall,Medium,Tropical cyclone,Tropical Cyclone Ida,,
1288,11/08/2009,San Vicente,4.03125,,13.6466,-88.8347,"(13.646599999999999, -88.834699999999998)",Landslide,Mudslide,Medium,Tropical cyclone,Tropical Cyclone Ida,,
1294,11/11/2009,East Ridge,2.60684,,35.0376,-85.255,"(35.037599999999998, -85.254999999999995)",Landslide,Mudslide,Medium,Rain,,,0
1296,11/13/09,San Vito,18.00524,,8.8021,-83.1335,"(8.8020999999999994, -83.133499999999998)",Landslide,Landslide,Medium,Earthquake,,,1
1307,11/17/09,Alton,1.54044,,38.898,-90.1993,"(38.898000000000003, -90.199299999999994)",Landslide,Mudslide,Small,Downpour,,,0
1353,12/09/2009,Chattanooga,5.97545,,35.0672,-85.3697,"(35.0672, -85.369699999999995)",Landslide,Mudslide,Small,Downpour,,,0
1354,12/09/2009,Signal Mountain,2.05274,,35.1052,-85.3361,"(35.105200000000004, -85.336100000000002)",Landslide,Mudslide,Small,Downpour,,,0
1355,12/09/2009,Signal Mountain,2.47169,,35.1307,-85.3186,"(35.130699999999997, -85.318600000000004)",Landslide,Mudslide,Small,Downpour,,,0
1357,12/12/2009,Louisiana,7.60154,,39.4052,-90.9836,"(39.405200000000001, -90.983599999999996)",Landslide,Landslide,Small,Rain,,,0
1358,12/13/09,Running Springs,8.91845,,34.2425,-117.0219,"(34.2425, -117.0219)",Landslide,Complex,Small,Downpour,,,0
1367,12/18/09,Purvis,17.4013,,31.1345,-89.2276,"(31.134499999999999, -89.227599999999995)",Landslide,Mudslide,Small,Downpour,,,0
1391,01/10/2010,Moore Town,5.02351,,18.1167,-76.45,"(18.116700000000002, -76.45)",Landslide,Landslide,Medium,Downpour,,,0
1393,01/10/2010,Machachi,26.18676,,-0.4167,-78.7833,"(-0.41670000000000001, -78.783299999999997)",Landslide,Mudslide,Medium,Rain,,,3
1431,1/21/10,Valley Center,5.7125,,33.1677,-117.0232,"(33.167700000000004, -117.0232)",Landslide,Mudslide,Small,Downpour,,,0
1434,1/21/10,Tonto Basin,16.48124,,33.8342,-111.4726,"(33.834200000000003, -111.4726)",Landslide,Complex,Small,Downpour,,,0
1435,1/21/10,Morongo Valley,1.35292,,34.0373,-116.5898,"(34.037300000000002, -116.5898)",Landslide,Debris flow,Small,Downpour,,,0
1439,1/21/10,Aguanga,12.95887,,33.4685,-117.001,"(33.468499999999999, -117.001)",Landslide,Mudslide,Small,Downpour,,,0
1441,1/22/10,Cordes Lakes,12.98377,,34.1933,-112.1327,"(34.193300000000001, -112.1327)",Landslide,Mudslide,Small,Downpour,,,0
1448,1/24/10,Rural Hall,7.54867,,36.2967,-80.2462,"(36.296700000000001, -80.246200000000002)",Landslide,Mudslide,Small,Downpour,,,0
1449,1/24/10,Madisonville,8.55137,,35.4962,-84.2738,"(35.496200000000002, -84.273799999999994)",Landslide,Mudslide,Small,Downpour,,,0
1450,1/24/10,Signal Mountain,2.56584,,35.1328,-85.3186,"(35.132800000000003, -85.318600000000004)",Landslide,Mudslide,Small,Downpour,,,0
1452,1/25/10,Soddy-Daisy,3.20504,,35.2361,-85.226,"(35.2361, -85.225999999999999)",Landslide,Complex,Small,Downpour,,,0
1453,1/25/10,Pittsburgh,1.49656,,40.4355,-80.0122,"(40.435499999999998, -80.012200000000007)",Landslide,Mudslide,Small,Downpour,,,0
1454,1/25/10,Canaan,10.75115,,41.9953,-73.2068,"(41.9953, -73.206800000000001)",Landslide,Mudslide,Small,Downpour,,,0
1455,1/25/10,Tobaccoville,2.39331,,36.2592,-80.3654,"(36.2592, -80.365399999999994)",Landslide,Mudslide,Small,Downpour,,,0
1456,1/26/10,Manchester,5.79962,Natural slope,37.1016,-83.7568,"(37.101599999999998, -83.756799999999998)",Landslide,Complex,Medium,Downpour,,,0
1459,1/28/10,Anta,0.13147,,-9.3584,-77.5984,"(-9.3583999999999996, -77.598399999999998)",Landslide,Complex,Medium,Downpour,,,0
1465,02/03/2010,Baños,11.91442,Unknown,-1.3833,-78.3167,"(-1.3833, -78.316699999999997)",Landslide,Mudslide,Medium,Downpour,,2,4
1467,02/04/2010,Clemson,4.34093,,34.6998,-82.8804,"(34.699800000000003, -82.880399999999995)",Landslide,Rockfall,Small,Rain,,,0
1469,02/05/2010,Toluca,0.66626,,19.288,-99.6469,"(19.288, -99.646900000000002)",Landslide,Landslide,Large,Downpour,,,11
1470,02/05/2010,Heroica Zitácuaro,4.18059,,19.4,-100.3667,"(19.399999999999999, -100.36669999999999)",Landslide,Mudslide,Medium,Downpour,,,2
1471,02/05/2010,Jarácuaro,3.4274,,19.567,-101.7098,"(19.567, -101.7098)",Landslide,Mudslide,Medium,Downpour,,,1
1472,02/05/2010,Mineral de Angangueo,1.69508,,19.6167,-100.3,"(19.616700000000002, -100.3)",Landslide,Mudslide,Medium,Downpour,,,3
1474,02/05/2010,Maggie Valley,0.91282,,35.526,-83.0946,"(35.526000000000003, -83.0946)",Landslide,Mudslide,Medium,Downpour,,,0
1477,02/04/2010,Zacazonapan,4.40801,Above road,19.1927,-99.8654,"(19.192699999999999, -99.865399999999994)",Landslide,Mudslide,Large,Downpour,,,11
1484,02/06/2010,Williamsburg,5.2968,,36.7908,-84.1668,"(36.790799999999997, -84.166799999999995)",Landslide,Mudslide,Small,Downpour,,,0
1485,02/06/2010,Jenkins,19.17,,37.3298,-82.7228,"(37.329799999999999, -82.722800000000007)",Landslide,Landslide,Medium,Downpour,,,0
1490,02/08/2010,Livingston,14.90347,Above road,36.2585,-85.0777,"(36.258499999999998, -85.077699999999993)",Landslide,Mudslide,Small,Rain,,,0
1506,2/15/10,Cap-Haïtien,0.27505,Urban area,19.756,-72.206,"(19.756, -72.206000000000003)",Landslide,Mudslide,Medium,Downpour,,,4
1525,2/25/10,Banning,2.18534,,33.9062,-116.8721,"(33.906199999999998, -116.8721)",Landslide,Complex,Small,Rain,,,0
1531,2/27/10,San Bernardino,1.18379,,34.1102,-117.3024,"(34.110199999999999, -117.30240000000001)",Landslide,Mudslide,Small,Downpour,,,0
1552,03/11/2010,Pont Cassé,3.98646,,15.3356,-61.3312,"(15.335599999999999, -61.331200000000003)",Landslide,Landslide,Medium,Rain,,,0
1555,03/11/2010,Pittsburgh,1.29986,,40.4319,-80.0061,"(40.431899999999999, -80.006100000000004)",Landslide,Landslide,Small,Downpour,,,0
1556,03/11/2010,Crafton,2.37904,,40.4327,-80.0383,"(40.432699999999997, -80.038300000000007)",Landslide,Landslide,Small,Downpour,,,0
1557,03/11/2010,Saint Croix Falls,3.90084,,45.3853,-92.6751,"(45.385300000000001, -92.6751)",Landslide,Mudslide,Small,Downpour,,,0
1562,03/12/2010,Belle,0.02907,,38.2323,-81.5377,"(38.232300000000002, -81.537700000000001)",Landslide,Mudslide,Medium,Downpour,,,0
1564,3/13/10,Princeton,7.04356,,37.3042,-81.1194,"(37.304200000000002, -81.119399999999999)",Landslide,Mudslide,Medium,Downpour,,,0
1565,3/13/10,Lake Mohawk,4.41013,,41.0469,-74.6236,"(41.046900000000001, -74.623599999999996)",Landslide,Mudslide,Medium,Downpour,,,0
1566,3/13/10,Summersville,6.25122,,38.3182,-80.7987,"(38.318199999999997, -80.798699999999997)",Landslide,Landslide,Medium,Downpour,,,0
1567,3/14/10,Jackson,13.05284,,38.9632,-82.7353,"(38.963200000000001, -82.735299999999995)",Landslide,Mudslide,Small,Downpour,,,0
1568,3/14/10,Topsfield,1.03712,,42.6428,-70.939,"(42.642800000000001, -70.938999999999993)",Landslide,Mudslide,Medium,Downpour,,,0
1569,3/14/10,Ogdensburg,0.77081,,41.0752,-74.5894,"(41.075200000000002, -74.589399999999998)",Landslide,Mudslide,Medium,Downpour,,,0
1570,3/14/10,Robbinsville,23.26062,,35.5001,-83.9442,"(35.500100000000003, -83.944199999999995)",Landslide,Landslide,Medium,Downpour,,,0
1575,3/15/10,Clinton,1.25138,,42.4135,-71.6974,"(42.413499999999999, -71.697400000000002)",Landslide,Mudslide,Small,Rain,,,0
1576,3/15/10,Walpole,2.73316,,42.1433,-71.2165,"(42.143300000000004, -71.216499999999996)",Landslide,Landslide,Small,Downpour,,,0
1578,3/16/10,New Hope,6.71244,Retaining wall,40.4059,-75.0086,"(40.405900000000003, -75.008600000000001)",Landslide,Mudslide,Small,Downpour,,,0
1579,3/18/10,Gatlinburg,11.83863,Above road,35.6733,-83.6643,"(35.673299999999998, -83.664299999999997)",Landslide,Landslide,Small,Downpour,,,0
1584,3/21/10,Salineville,10.58008,,40.5399,-80.9,"(40.539900000000003, -80.900000000000006)",Landslide,Landslide,Small,Downpour,,,0
1591,3/25/10,Good Hope,22.45613,,34.0844,-87.104,"(34.084400000000002, -87.103999999999999)",Landslide,Landslide,Medium,Downpour,,,0
1595,3/26/10,Worcester,7.59235,,42.5435,-74.8163,"(42.543500000000002, -74.816299999999998)",Landslide,Landslide,Small,Downpour,,,0
1599,3/29/10,Gatlinburg,14.56419,,35.6024,-83.426,"(35.602400000000003, -83.426000000000002)",Landslide,Mudslide,Small,Downpour,,,0
1601,3/30/10,Middletown,1.40994,,41.5663,-72.6667,"(41.566299999999998, -72.666700000000006)",Landslide,Landslide,Small,Rain,,,0
1602,3/30/10,Sound Beach,0.94386,,40.9647,-72.9684,"(40.964700000000001, -72.968400000000003)",Landslide,Mudslide,Small,Downpour,,,0
1603,3/30/10,Yonkers,3.28687,,40.904,-73.9141,"(40.904000000000003, -73.914100000000005)",Landslide,Mudslide,Small,Downpour,,,0
1604,3/30/10,Fort Madison,2.69877,,40.635,-91.284,"(40.634999999999998, -91.284000000000006)",Landslide,Mudslide,Medium,Rain,,,0
1605,3/30/10,Fort Madison,2.69877,,40.635,-91.284,"(40.634999999999998, -91.284000000000006)",Landslide,Landslide,Small,Rain,,,0
1606,3/30/10,Winslow,0.76489,,44.5407,-69.625,"(44.540700000000001, -69.625)",Landslide,Landslide,Small,Downpour,,,0
1608,3/31/10,Greenville,0.29408,,42.7679,-71.8158,"(42.767899999999997, -71.815799999999996)",Landslide,Landslide,Medium,Rain,,,0
1612,04/01/2010,Acomayo,3.4989,,-9.7996,-76.1038,"(-9.7995999999999999, -76.103800000000007)",Landslide,Lahar,Large,Downpour,,,12
1614,04/02/2010,Ambo,0.55865,,-10.1258,-76.2043,"(-10.1258, -76.204300000000003)",Landslide,Landslide,Large,Downpour,,,28
1739,04/07/2010,Burlington,3.37828,Above road,40.7799,-91.0962,"(40.779899999999998, -91.096199999999996)",Landslide,Mudslide,Small,Rain,,,0
1743,04/12/2010,Berekua,2.08997,,15.2454,-61.3017,"(15.2454, -61.301699999999997)",Landslide,Landslide,Medium,Downpour,,,0
1744,04/12/2010,Pont Cassé,3.78784,,15.4004,-61.344,"(15.400399999999999, -61.344000000000001)",Landslide,Landslide,Medium,Downpour,,,0
1745,04/12/2010,Berekua,4.08252,,15.2458,-61.2809,"(15.245799999999999, -61.280900000000003)",Landslide,Landslide,Small,Downpour,,,0
1746,04/12/2010,Berekua,5.61495,,15.2556,-61.2697,"(15.255599999999999, -61.2697)",Landslide,Landslide,Small,Downpour,,,0
1747,04/12/2010,La Plaine,5.116,,15.2892,-61.2642,"(15.289199999999999, -61.264200000000002)",Landslide,Landslide,Small,Downpour,,,0
1749,4/14/10,Desamparados,6.88715,Above road,9.9323,-84.4453,"(9.9322999999999997, -84.445300000000003)",Landslide,Landslide,Medium,Downpour,,,0
1751,4/14/10,Girardot,0.30587,,4.3013,-74.8055,"(4.3013000000000003, -74.805499999999995)",Landslide,Landslide,Medium,Downpour,,,2
1754,4/16/10,Pont Cassé,6.4593,,15.3211,-61.3124,"(15.321099999999999, -61.312399999999997)",Landslide,Landslide,Medium,Downpour,,,0
1760,4/18/10,Easington,4.53632,,17.9647,-76.5835,"(17.964700000000001, -76.583500000000001)",Landslide,Landslide,Medium,Downpour,,,0
1761,4/18/10,Chapelton,9.53953,,18.1437,-77.331,"(18.143699999999999, -77.331000000000003)",Landslide,Landslide,Medium,Downpour,,,0
1762,4/18/10,May Pen,0.56186,,17.9693,-77.2433,"(17.9693, -77.243300000000005)",Landslide,Landslide,Medium,Downpour,,,0
1763,4/18/10,Buff Bay,2.78885,,18.2106,-76.6735,"(18.210599999999999, -76.673500000000004)",Landslide,Landslide,Medium,Downpour,,,0
1764,4/18/10,Port Antonio,4.46942,,18.1865,-76.5029,"(18.186499999999999, -76.502899999999997)",Landslide,Landslide,Medium,Downpour,,,0
1784,4/25/10,Clifton,10.07129,,35.2995,-87.966,"(35.299500000000002, -87.965999999999994)",Landslide,Landslide,Medium,Downpour,,,0
1786,4/27/10,Ángeles,19.51432,,10.1452,-83.9564,"(10.145200000000001, -83.956400000000002)",Landslide,Landslide,Medium,Downpour,,,0
1804,05/02/2010,Morehead,10.11538,,38.1107,-83.5013,"(38.110700000000001, -83.501300000000001)",Landslide,Mudslide,Small,Downpour,,,0
1805,05/02/2010,Salyersville,9.51647,,37.7806,-82.9667,"(37.7806, -82.966700000000003)",Landslide,Landslide,Medium,Downpour,,,0
1806,05/02/2010,Belle Meade,4.06928,,36.0739,-86.8931,"(36.073900000000002, -86.893100000000004)",Landslide,Landslide,Small,Downpour,,,0
1807,05/02/2010,Forest Hills,5.92638,,36.0242,-86.8811,"(36.0242, -86.881100000000004)",Landslide,Landslide,Small,Downpour,,,0
1808,05/02/2010,Fairview,11.67837,,35.9862,-86.992,"(35.986199999999997, -86.992000000000004)",Landslide,Landslide,Medium,Downpour,,,0
1809,05/02/2010,Brentwood Estates,6.61569,,35.9778,-86.8239,"(35.977800000000002, -86.823899999999995)",Landslide,Landslide,Medium,Downpour,,,0
1810,05/02/2010,Columbia,15.51031,,35.7322,-87.1288,"(35.732199999999999, -87.128799999999998)",Landslide,Landslide,Medium,Downpour,,,0
1814,05/03/2010,Hindman,7.91631,,37.2648,-82.9738,"(37.264800000000001, -82.973799999999997)",Landslide,Mudslide,Small,Downpour,,,0
1815,05/03/2010,Hyden,0.00435,,37.1609,-83.3732,"(37.160899999999998, -83.373199999999997)",Landslide,Mudslide,Small,Downpour,,,0
1816,05/03/2010,Cumberland,18.27072,,37.034,-83.1816,"(37.033999999999999, -83.181600000000003)",Landslide,Mudslide,Small,Downpour,,,0
1817,05/03/2010,Pineville,5.84944,,36.7411,-83.6348,"(36.741100000000003, -83.634799999999998)",Landslide,Mudslide,Medium,Downpour,,,0
1818,05/03/2010,Paintsville,13.47073,,37.9065,-82.907,"(37.906500000000001, -82.906999999999996)",Landslide,Mudslide,Small,Downpour,,,0
1819,05/03/2010,Inez,7.32052,,37.9135,-82.4804,"(37.913499999999999, -82.480400000000003)",Landslide,Mudslide,Small,Downpour,,,0
1820,05/03/2010,Williamson,15.29574,,37.7939,-82.3635,"(37.793900000000001, -82.363500000000002)",Landslide,Mudslide,Small,Downpour,,,0
1821,05/03/2010,Inez,9.90252,,37.796,-82.4698,"(37.795999999999999, -82.469800000000006)",Landslide,Mudslide,Small,Downpour,,,0
1822,05/03/2010,Hazard,12.3417,,37.2283,-83.0567,"(37.228299999999997, -83.056700000000006)",Landslide,Mudslide,Small,Downpour,,,0
1823,05/03/2010,Hindman,10.50499,,37.4083,-82.904,"(37.408299999999997, -82.903999999999996)",Landslide,Mudslide,Small,Downpour,,,0
1824,05/03/2010,Hindman,21.31051,,37.3685,-82.7434,"(37.368499999999997, -82.743399999999994)",Landslide,Rockfall,Small,Downpour,,,0
1825,05/03/2010,Cumberland,1.09107,,36.9828,-82.9777,"(36.982799999999997, -82.977699999999999)",Landslide,Mudslide,Small,Downpour,,,0
1826,05/03/2010,Cumberland,16.31604,,37.0945,-83.1006,"(37.094499999999996, -83.1006)",Landslide,Mudslide,Small,Downpour,,,0
1827,05/03/2010,Gilbert Creek,18.71035,,37.5339,-82.0999,"(37.533900000000003, -82.099900000000005)",Landslide,Mudslide,Small,Downpour,,,0
1828,05/03/2010,Clintwood,21.45604,,37.3212,-82.3434,"(37.321199999999997, -82.343400000000003)",Landslide,Mudslide,Small,Downpour,,,0
1829,05/03/2010,Jenkins,10.20803,,37.2482,-82.564,"(37.248199999999997, -82.563999999999993)",Landslide,Mudslide,Small,Downpour,,,0
1830,05/03/2010,Pikeville,8.90602,,37.4563,-82.4223,"(37.456299999999999, -82.422300000000007)",Landslide,Complex,Small,Downpour,,,0
1831,05/03/2010,Ironton,17.02627,Below road,38.6331,-82.5309,"(38.633099999999999, -82.530900000000003)",Landslide,Landslide,Medium,Downpour,,,0
1832,05/03/2010,Ironton,6.42411,,38.5805,-82.6347,"(38.580500000000001, -82.634699999999995)",Landslide,Landslide,Small,Downpour,,,0
1833,05/03/2010,Coal Grove,18.8887,,38.615,-82.4835,"(38.615000000000002, -82.483500000000006)",Landslide,Landslide,Small,Downpour,,,0
1834,05/03/2010,Esmeraldas,2.81891,,0.9374,-79.6671,"(0.93740000000000001, -79.667100000000005)",Landslide,Mudslide,Medium,Downpour,,,3
1836,05/04/2010,Cali,1.84941,,3.4205,-76.5222,"(3.4205000000000001, -76.522199999999998)",Landslide,Landslide,Medium,Downpour,,,0
1838,05/05/2010,Tijuana,2.4977,,32.525,-116.9999,"(32.524999999999999, -116.9999)",Landslide,Mudslide,Medium,Rain,,,0
1850,05/09/2010,Belle Meade,0.01307,,36.0959,-86.8568,"(36.0959, -86.856800000000007)",Landslide,Mudslide,Small,Downpour,,,0
1855,05/10/2010,Ironton,10.40449,,38.6198,-82.6276,"(38.619799999999998, -82.627600000000001)",Landslide,Landslide,Medium,Downpour,,,0
1859,5/14/10,North Kansas City,5.24463,,39.155,-94.5107,"(39.155000000000001, -94.5107)",Landslide,Mudslide,Small,Downpour,,,0
1869,5/16/10,Salyersville,7.52656,,37.6921,-83.0302,"(37.692100000000003, -83.030199999999994)",Landslide,Landslide,Small,Downpour,,,0
1872,5/17/10,Charleston,1.68022,,38.3534,-81.6513,"(38.353400000000001, -81.651300000000006)",Landslide,Mudslide,Small,Downpour,,,0
1886,5/22/10,Desamparados,6.92174,Above road,9.929,-84.4428,"(9.9290000000000003, -84.442800000000005)",Landslide,Landslide,Medium,Downpour,,3,0
1891,5/23/10,Marshall,16.47911,Above road,35.7117,-82.8329,"(35.7117, -82.832899999999995)",Landslide,Mudslide,Small,Downpour,,,0
1892,5/23/10,Puerto López,22.53724,,3.8844,-72.9175,"(3.8843999999999999, -72.917500000000004)",Landslide,Landslide,Medium,Downpour,,,0
1900,5/24/10,Canyon Rim,0.75491,,40.7134,-111.8224,"(40.7134, -111.8224)",Landslide,Landslide,Small,Rain,,,0
1904,5/26/10,Almolonga,0.77254,,14.8123,-91.4944,"(14.8123, -91.494399999999999)",Landslide,Mudslide,Medium,Tropical cyclone,Tropical Cyclone Agatha,,4
1909,5/27/10,Soacha,10.36239,,4.5326,-74.1359,"(4.5326000000000004, -74.135900000000007)",Landslide,Landslide,Medium,Downpour,,,0
1914,5/29/10,Palín,0.18542,,14.4039,-90.6986,"(14.4039, -90.698599999999999)",Landslide,Mudslide,Medium,Tropical cyclone,Tropical Cyclone Agatha,,0
1915,5/29/10,Amatitlán,2.02891,,14.4789,-90.6319,"(14.478899999999999, -90.631900000000002)",Landslide,Mudslide,Medium,Tropical cyclone,Tropical Cyclone Agatha,,0
1916,5/29/10,Chinautla,0.44764,Urban area,14.6969,-90.444,"(14.696899999999999, -90.444000000000003)",Landslide,Landslide,Medium,Tropical cyclone,Tropical Cyclone Agatha,,11
1917,5/29/10,Santa María De Jesús,6.13527,,14.4651,-90.7426,"(14.4651, -90.742599999999996)",Landslide,Mudslide,Medium,Tropical cyclone,Tropical Cyclone Agatha,,0
1919,5/30/10,Guatemala City,4.0793,,14.6066,-90.5276,"(14.6066, -90.527600000000007)",Landslide,Landslide,Large,Tropical cyclone,Tropical Cyclone Agatha,,17
1920,5/30/10,Santa Cruz La Laguna,6.00513,Urban area,14.6918,-91.1168,"(14.691800000000001, -91.116799999999998)",Landslide,Mudslide,Medium,Tropical cyclone,Tropical Cyclone Agatha,,14
1921,5/30/10,Santa Apolonia,0.99952,,14.7833,-90.9667,"(14.783300000000001, -90.966700000000003)",Landslide,Landslide,Medium,Tropical cyclone,Tropical Cyclone Agatha,,11
1922,5/29/10,San Pedro La Laguna,0.50611,Natural slope,14.6685,-91.2697,"(14.6685, -91.2697)",Landslide,Mudslide,Medium,Tropical cyclone,Tropical Cyclone Agatha,,1
1923,5/30/10,San José Pinula,0.8904,,14.549,-90.4191,"(14.548999999999999, -90.4191)",Landslide,Mudslide,Medium,Tropical cyclone,Tropical Cyclone Agatha,,4
1924,5/30/10,San Juan Cotzal,8.93658,,15.4446,-90.9516,"(15.444599999999999, -90.951599999999999)",Landslide,Landslide,Medium,Tropical cyclone,Tropical Cyclone Agatha,,3
1925,5/30/10,Totonicapán,0.17513,,14.9102,-91.3605,"(14.9102, -91.360500000000002)",Landslide,Landslide,Medium,Tropical cyclone,Tropical Cyclone Agatha,,3
1947,06/05/2010,Pittsburgh,1.93338,,40.4507,-79.9773,"(40.450699999999998, -79.9773)",Landslide,Mudslide,Medium,Downpour,,,0
1948,06/05/2010,Green Tree,1.46465,,40.4127,-80.0284,"(40.412700000000001, -80.028400000000005)",Landslide,Landslide,Small,Downpour,,,0
1955,06/07/2010,Brevard,5.80525,,35.1812,-82.7308,"(35.181199999999997, -82.730800000000002)",Landslide,Mudslide,Small,Downpour,,,0
1956,06/07/2010,Spring Creek,16.13996,,40.6553,-115.4195,"(40.655299999999997, -115.4195)",Landslide,Landslide,Medium,Downpour,,,0
1965,6/13/10,Mallory,5.45758,,37.755,-81.8917,"(37.755000000000003, -81.8917)",Landslide,Mudslide,Medium,Downpour,,,0
2007,6/21/10,Lafayette,6.08613,,40.425,-86.8044,"(40.424999999999997, -86.804400000000001)",Landslide,Landslide,Small,Downpour,,,0
2010,6/23/10,Caledonia,18.20633,,43.6229,-91.2718,"(43.622900000000001, -91.271799999999999)",Landslide,Mudslide,Small,Downpour,,,0
2011,6/23/10,Richland Center,16.88781,,43.3321,-90.595,"(43.332099999999997, -90.594999999999999)",Landslide,Landslide,Medium,Downpour,,,0
2021,6/27/10,San Pablo La Laguna,3.85753,Unknown,14.7801,-91.2764,"(14.780099999999999, -91.276399999999995)",Landslide,Landslide,Medium,Tropical cyclone,Tropical Storm Alex,,2
2027,6/28/10,Buena Vista,13.11084,,38.7275,-106.167,"(38.727499999999999, -106.167)",Landslide,Landslide,Small,Downpour,,,0
2028,6/28/10,Canandaigua,8.27871,,42.8004,-77.3018,"(42.800400000000003, -77.3018)",Landslide,Mudslide,Small,Downpour,,,0
2033,07/02/2010,Santa Catarina,3.30074,Above road,25.6875,-100.487,"(25.6875, -100.48699999999999)",Landslide,Mudslide,Medium,Tropical cyclone,Hurricane Alex,,1
2062,07/12/2010,Tegucigalpa,0.98377,,14.0831,-87.1978,"(14.0831, -87.197800000000001)",Landslide,Mudslide,Medium,Downpour,,,1
2065,7/13/10,Naples,14.77042,,42.7167,-77.5191,"(42.716700000000003, -77.519099999999995)",Landslide,Complex,Medium,Downpour,,,0
2066,7/13/10,Saint Marys,0.76491,,39.3937,-81.1966,"(39.393700000000003, -81.196600000000004)",Landslide,Mudslide,Small,Downpour,,,0
2085,7/16/10,Ancaster,5.1151,Above road,43.2453,-79.9367,"(43.2453, -79.936700000000002)",Landslide,Mudslide,Medium,Downpour,,,0
2086,7/16/10,Jefferson,7.58207,,34.1538,-83.6417,"(34.153799999999997, -83.6417)",Landslide,Landslide,Small,Downpour,,,0
2093,7/18/10,Tegucigalpa,1.24404,,14.0814,-87.1953,"(14.0814, -87.195300000000003)",Landslide,Landslide,Medium,Downpour,,,0
2101,7/20/10,Flagstaff,11.50738,,35.2902,-111.5932,"(35.290199999999999, -111.5932)",Landslide,Debris flow,Medium,Downpour,,,0
2107,7/21/10,Chinautla,3.85648,,14.6808,-90.5214,"(14.6808, -90.5214)",Landslide,Landslide,Medium,Downpour,,,5
2108,7/21/10,Huntington,2.97869,,38.4262,-82.4781,"(38.426200000000001, -82.478099999999998)",Landslide,Landslide,Medium,Downpour,,,0
2114,7/22/10,Escuintla,1.41805,,15.3258,-92.6698,"(15.325799999999999, -92.669799999999995)",Landslide,Mudslide,Medium,Downpour,,,3
2115,7/22/10,San Cristóbal de las Casas,0.94118,,16.7294,-92.6389,"(16.729399999999998, -92.638900000000007)",Landslide,Rockfall,Small,Downpour,,,0
2123,7/23/10,Durango,4.891,,37.2743,-107.9352,"(37.274299999999997, -107.93519999999999)",Landslide,Rockfall,Small,Downpour,,,0
2124,7/23/10,Socorro,25.68212,,33.9917,-107.1577,"(33.991700000000002, -107.15770000000001)",Landslide,Landslide,Small,Downpour,,,0
2142,7/26/10,Mountain Village,17.96218,,38.0053,-108.0383,"(38.005299999999998, -108.03830000000001)",Landslide,Mudslide,Medium,Downpour,,,0
2149,7/27/10,Mountain Village,27.47506,,38.0604,-108.1234,"(38.060400000000001, -108.1234)",Landslide,Mudslide,Medium,Downpour,,,0
2150,7/27/10,Bellevue,0.99029,,39.0981,-84.4748,"(39.098100000000002, -84.474800000000002)",Landslide,Landslide,Small,Downpour,,,0
2156,7/29/10,Petit Valley,4.00979,,10.6859,-61.5671,"(10.6859, -61.567100000000003)",Landslide,Landslide,Small,Downpour,,,0
2157,7/29/10,Mucurapo,7.4331,,10.6871,-61.6002,"(10.687099999999999, -61.600200000000001)",Landslide,Landslide,Small,Downpour,,,0
2158,7/29/10,Port-of-Spain,2.15046,,10.6738,-61.5006,"(10.6738, -61.500599999999999)",Landslide,Landslide,Small,Downpour,,,0
2174,7/30/10,Desamparados,4.24199,Above road,9.9271,-84.4568,"(9.9270999999999994, -84.456800000000001)",Landslide,Landslide,Medium,Rain,,,0
2175,7/30/10,Ciénaga,51.84125,,11.0029,-73.7733,"(11.0029, -73.773300000000006)",Landslide,Mudslide,Medium,Downpour,,,0
2179,7/31/10,Carbondale,23.83031,,39.1883,-107.2341,"(39.188299999999998, -107.2341)",Landslide,Mudslide,Medium,Rain,,,0
2185,08/01/2010,Leadville,20.97634,,39.068,-106.3538,"(39.067999999999998, -106.35380000000001)",Landslide,Mudslide,Medium,Downpour,,,0
2186,08/01/2010,Woodland Hills,13.47828,,39.9243,-111.5443,"(39.924300000000002, -111.54430000000001)",Landslide,Mudslide,Small,Rain,,,0
2189,08/02/2010,Petit Valley,4.33904,,10.7137,-61.5705,"(10.713699999999999, -61.570500000000003)",Landslide,Mudslide,Medium,Downpour,,,0
2191,08/02/2010,Mexico City,0.15208,,19.427,-99.1276,"(19.427, -99.127600000000001)",Landslide,Mudslide,Medium,Construction,,,2
2193,08/03/2010,Petit Valley,6.95807,,10.7163,-61.4719,"(10.7163, -61.471899999999998)",Landslide,Landslide,Small,Downpour,,,0
2194,08/03/2010,San Calixto,7.85369,,8.4418,-73.2665,"(8.4418000000000006, -73.266499999999994)",Landslide,Complex,Medium,Downpour,,,4
2199,08/05/2010,Mucurapo,7.24469,,10.6857,-61.5989,"(10.685700000000001, -61.5989)",Landslide,Landslide,Small,Downpour,,,0
2204,08/06/2010,Laventille,7.37181,,10.6933,-61.4484,"(10.693300000000001, -61.448399999999999)",Landslide,Landslide,Medium,Downpour,,,1
2217,08/07/2010,Tegucigalpa,2.21442,,14.0783,-87.227,"(14.0783, -87.227000000000004)",Landslide,Mudslide,Medium,Downpour,,,3
2224,08/09/2010,Ottumwa,0.92861,,41.0266,-92.4181,"(41.026600000000002, -92.418099999999995)",Landslide,Mudslide,Small,Downpour,,,0
2233,08/11/2010,Stony Hill,5.98731,,18.126,-76.811,"(18.126000000000001, -76.811000000000007)",Landslide,Complex,Medium,Downpour,,,0
2265,8/18/10,Banner Hill,1.77572,,36.1364,-82.443,"(36.136400000000002, -82.442999999999998)",Landslide,Complex,Medium,Downpour,,,0
2269,8/19/10,Draper,3.22031,,40.5093,-111.8316,"(40.509300000000003, -111.83159999999999)",Landslide,Complex,Medium,Downpour,,,0
2270,8/19/10,Carbondale,24.1344,,39.191,-107.2774,"(39.191000000000003, -107.2774)",Landslide,Mudslide,Medium,Downpour,,,0
2271,8/19/10,Carbondale,22.55763,,39.1994,-107.2271,"(39.199399999999997, -107.22709999999999)",Landslide,Mudslide,Medium,Downpour,,,0
2272,8/19/10,Carbondale,23.56048,,39.1905,-107.2301,"(39.1905, -107.23009999999999)",Landslide,Mudslide,Medium,Downpour,,,0
2273,8/19/10,Carbondale,21.37674,,39.2105,-107.2343,"(39.210500000000003, -107.2343)",Landslide,Mudslide,Medium,Downpour,,,0
2274,8/19/10,Snowmass Village,4.60739,,39.2089,-106.9909,"(39.2089, -106.9909)",Landslide,Mudslide,Small,Downpour,,,0
2275,8/19/10,Snowmass Village,3.844,,39.2143,-106.9823,"(39.214300000000001, -106.9823)",Landslide,Mudslide,Small,Downpour,,,0
2276,8/19/10,Carbondale,4.51715,,39.4346,-107.2429,"(39.434600000000003, -107.24290000000001)",Landslide,Mudslide,Small,Downpour,,,0
2277,8/19/10,Glenwood Springs,3.60875,,39.5808,-107.3401,"(39.580800000000004, -107.34010000000001)",Landslide,Mudslide,Medium,Downpour,,,0
2278,8/19/10,Moab,38.50248,,38.647,-109.9818,"(38.646999999999998, -109.98180000000001)",Landslide,Landslide,Medium,Downpour,,,0
2289,8/20/10,El Crucero,5.84054,,12.042,-86.2998,"(12.042, -86.299800000000005)",Landslide,Mudslide,Medium,Downpour,,,3
2300,8/21/10,San Fernando,0.92162,,10.2753,-61.4689,"(10.2753, -61.468899999999998)",Landslide,Landslide,Medium,Downpour,,,0
2321,8/24/10,Santiago Choapam,16.16369,,17.2568,-96.0289,"(17.256799999999998, -96.028899999999993)",Landslide,Mudslide,Medium,Tropical cyclone,Hurricane Frank,,2
2322,8/24/10,Santa María la Asunción,0.6355,,18.106,-96.8133,"(18.106000000000002, -96.813299999999998)",Landslide,Mudslide,Medium,Tropical cyclone,Hurricane Frank,,2
2330,8/25/10,San José de Bocay,1.36745,,13.5317,-85.5325,"(13.531700000000001, -85.532499999999999)",Landslide,Landslide,Medium,Downpour,,,
2331,8/25/10,Málaga ,2.99929,,6.7254,-72.726,"(6.7253999999999996, -72.725999999999999)",Landslide,Landslide,Medium,Downpour,,,0
2333,8/25/10,Yucaipa,11.06641,,34.0935,-116.9472,"(34.093499999999999, -116.9472)",Landslide,Mudslide,Small,Downpour,,,0
2348,8/28/10,Mixco,2.10418,,14.6257,-90.5885,"(14.6257, -90.588499999999996)",Landslide,Landslide,Medium,Downpour,,,0
2349,8/28/10,Mixco,3.64749,,14.665,-90.6158,"(14.664999999999999, -90.615799999999993)",Landslide,Landslide,Medium,Downpour,,,0
2350,8/28/10,Santa Catarina Pinula,2.81128,,14.5624,-90.5205,"(14.5624, -90.520499999999998)",Landslide,Landslide,Medium,Downpour,,,0
2351,8/28/10,San Juan Ermita,6.15103,,14.7161,-89.4096,"(14.716100000000001, -89.409599999999998)",Landslide,Landslide,Medium,Downpour,,,0
2352,8/28/10,Malacatancito,0.0328,,15.2164,-91.5168,"(15.2164, -91.516800000000003)",Landslide,Landslide,Medium,Downpour,,,0
2353,8/28/10,San Andrés Semetabaj,0.00359,,14.7598,-91.1287,"(14.7598, -91.128699999999995)",Landslide,Landslide,Medium,Downpour,,,0
2354,8/28/10,Senahú,2.30104,,15.4168,-89.8207,"(15.4168, -89.820700000000002)",Landslide,Mudslide,Medium,Downpour,,,2
2356,8/28/10,Málaga ,2.99929,,6.7254,-72.726,"(6.7253999999999996, -72.725999999999999)",Landslide,Landslide,Medium,Downpour,,,0
2358,8/29/10,Santa Lucía,4.75791,,14.1015,-87.1607,"(14.1015, -87.160700000000006)",Landslide,Rockfall,Medium,Downpour,,,5
2377,09/03/2010,Smethport,6.19784,,41.7757,-78.5023,"(41.775700000000001, -78.502300000000005)",Landslide,Landslide,Small,Downpour,,,0
2384,09/04/2010,Nahualá,3.04642,,14.8231,-91.3227,"(14.8231, -91.322699999999998)",Landslide,Landslide,Large,Downpour,,,25
2385,09/04/2010,Colomba,0.92729,,14.7085,-91.7314,"(14.708500000000001, -91.731399999999994)",Landslide,Landslide,Medium,Downpour,,,4
2386,09/04/2010,Chicamán,21.83272,,15.58,-90.85,"(15.58, -90.85)",Landslide,Landslide,Medium,Downpour,,,1
2387,09/04/2010,Jocotenango,0.63089,,14.5832,-90.7379,"(14.5832, -90.737899999999996)",Landslide,Landslide,Medium,Downpour,,,1
2388,09/04/2010,Chimaltenango,1.36473,,14.651,-90.8267,"(14.651, -90.826700000000002)",Landslide,Landslide,Medium,Downpour,,,10
2408,09/10/2010,Sacapulas,0.35171,,15.2892,-91.0892,"(15.289199999999999, -91.089200000000005)",Landslide,Landslide,Medium,Downpour,,,5
2412,09/11/2010,Knoxville,5.0043,,35.9283,-83.9594,"(35.9283, -83.959400000000002)",Landslide,Mudslide,Small,Downpour,,,0
2418,9/13/10,Moore Town,0.59599,,18.0723,-76.4254,"(18.072299999999998, -76.425399999999996)",Landslide,Landslide,Medium,Downpour,,,0
2438,9/17/10,El Hatito,8.28739,,19.2818,-96.3149,"(19.2818, -96.314899999999994)",Landslide,Landslide,Medium,Tropical cyclone,Hurricane Karl,,2
2449,9/19/10,Tabaquite,6.91642,,10.4476,-61.3169,"(10.4476, -61.316899999999997)",Landslide,Landslide,Medium,Downpour,,,0
2451,9/19/10,Madison Heights,1.20498,,37.4204,-79.12,"(37.420400000000001, -79.12)",Landslide,Mudslide,Small,Downpour,,,0
2473,9/20/10,Maiquetía,6.65506,,10.5363,-66.9492,"(10.536300000000001, -66.949200000000005)",Landslide,Landslide,Medium,Downpour,,,7
2474,9/20/10,Villa Guerrero,1.06048,,18.9642,-99.6511,"(18.964200000000002, -99.6511)",Landslide,Landslide,Large,Downpour,,,8
2487,9/22/10,Tonto Basin,1.86032,,33.8468,-111.2858,"(33.846800000000002, -111.28579999999999)",Landslide,Complex,Medium,Downpour,,,0
2490,9/23/10,Saint-Lazare,3.16544,,45.3717,-74.1359,"(45.371699999999997, -74.135900000000007)",Landslide,Landslide,Medium,Downpour,,,0
2491,9/23/10,Lake Hallie,2.43595,,44.8545,-91.4334,"(44.854500000000002, -91.433400000000006)",Landslide,Mudslide,Small,Downpour,,,0
2503,9/26/10,Tacuba,5.29901,,13.8601,-89.9044,"(13.860099999999999, -89.904399999999995)",Landslide,Landslide,Medium,Tropical cyclone,Tropical Storm Matthew,,0
2507,9/27/10,Apía,8.18229,,5.1749,-75.9712,"(5.1749000000000001, -75.971199999999996)",Landslide,Landslide,Medium,Downpour,,,4
2508,9/27/10,Giraldo,2.55282,,6.706,-75.9917,"(6.7060000000000004, -75.991699999999994)",Landslide,Landslide,Large,Downpour,,,9
2511,9/28/10,Moore Town,7.81269,,18.0083,-76.4394,"(18.008299999999998, -76.439400000000006)",Landslide,Landslide,Medium,Downpour,,,0
2514,9/28/10,Santo Domingo Tepuxtepec,15.74984,,17.0977,-96.0625,"(17.0977, -96.0625)",Landslide,Mudslide,Medium,Tropical cyclone,Hurricane Karl and Tropical Storm Matthew,,11
2515,9/28/10,Mount Oliver,2.03608,,40.4191,-79.9647,"(40.4191, -79.964699999999993)",Landslide,Complex,Small,Downpour,,,0
2516,9/29/10,San Rafael,1.47396,,10.0757,-84.4793,"(10.075699999999999, -84.479299999999995)",Landslide,Mudslide,Medium,Downpour,,,0
2517,9/29/10,Richmond,1.24727,,18.2544,-76.8865,"(18.2544, -76.886499999999998)",Landslide,Landslide,Medium,Downpour,,,0
2518,9/29/10,Stony Hill,10.84467,,18.1686,-76.8226,"(18.168600000000001, -76.822599999999994)",Landslide,Landslide,Medium,Tropical cyclone,Tropical Storm Nicole,,0
2519,9/29/10,Bog Walk,5.8653,,18.0677,-77.0476,"(18.067699999999999, -77.047600000000003)",Landslide,Landslide,Medium,Tropical cyclone,Tropical Storm Nicole,,0
2520,9/29/10,Amatán,0.31118,,17.3738,-92.8213,"(17.373799999999999, -92.821299999999994)",Landslide,Mudslide,Large,Tropical cyclone,Hurricane Karl and Tropical Storm Matthew,,16
2521,9/29/10,Chihuahua,8.46579,,16.0203,-91.8946,"(16.020299999999999, -91.894599999999997)",Landslide,Complex,Medium,Tropical cyclone,Hurricane Karl and Tropical Storm Matthew,,3
2522,9/29/10,Heidelberg,1.22035,,40.3911,-80.0766,"(40.391100000000002, -80.076599999999999)",Landslide,Complex,Small,Rain,,,0
2523,9/30/10,Stony Hill,2.13878,,18.0622,-76.7763,"(18.062200000000001, -76.776300000000006)",Landslide,Mudslide,Medium,Tropical cyclone,Tropical Storm Nicole,,2
2524,9/30/10,Tanetze de Zaragoza,24.67589,,17.1833,-96.1833,"(17.183299999999999, -96.183300000000003)",Landslide,Mudslide,Medium,Tropical cyclone,Hurricane Karl and Tropical Storm Matthew,,2
2525,9/30/10,McGraw,6.65468,,42.5363,-76.0909,"(42.536299999999997, -76.090900000000005)",Landslide,Mudslide,Small,Tropical cyclone,Tropical Storm Nicole,,0
2526,10/01/2010,Salitral,0.25254,,9.9108,-84.1764,"(9.9108000000000001, -84.176400000000001)",Landslide,Landslide,Medium,Downpour,,,0
2527,10/01/2010,Salitral,0.25254,Unknown,9.9108,-84.1762,"(9.9108000000000001, -84.176199999999994)",Landslide,Landslide,Medium,Downpour,,,0
2528,10/01/2010,Carrefour,12.13199,,18.4468,-72.4577,"(18.4468, -72.457700000000003)",Landslide,Mudslide,Medium,Downpour,,,3
2529,10/01/2010,Woodsville,5.48538,,44.1473,-71.9691,"(44.147300000000001, -71.969099999999997)",Landslide,Mudslide,Small,Downpour,,,0
2530,10/01/2010,Chesapeake Ranch Estates,2.52659,,38.3558,-76.3915,"(38.355800000000002, -76.391499999999994)",Landslide,Landslide,Small,Downpour,,,0
2533,10/03/2010,El Rancho,4.53362,Unknown,14.3898,-87.7654,"(14.389799999999999, -87.7654)",Landslide,Mudslide,Medium,Rain,,,0
2543,10/04/2010,Georgetown,6.34851,,13.2609,-61.1819,"(13.260899999999999, -61.181899999999999)",Landslide,Landslide,Medium,Downpour,,,0
2547,10/05/2010,Calibishie,2.64873,,15.5918,-61.3731,"(15.591799999999999, -61.373100000000001)",Landslide,Landslide,Medium,Rain,,,0
2550,10/06/2010,Orocovis,6.8576,,18.1652,-66.3969,"(18.165199999999999, -66.396900000000002)",Landslide,Complex,Medium,Tropical cyclone,Tropical Storm Otto,,0
2551,10/06/2010,Saint Croix,7.62051,,17.7718,-64.802,"(17.771799999999999, -64.802000000000007)",Landslide,Landslide,Medium,Tropical cyclone,Tropical Storm Otto,,0
2558,10/07/2010,San Pablo de Borbur,1.53032,,5.6528,-74.0737,"(5.6528, -74.073700000000002)",Landslide,Mudslide,Medium,Downpour,,,2
2598,10/15/10,Ángeles,14.81614,,10.1067,-83.9753,"(10.1067, -83.975300000000004)",Landslide,Rockfall,Medium,Downpour,,,2
2604,10/17/10,Léogâne,7.67473,,18.4674,-72.5738,"(18.467400000000001, -72.573800000000006)",Landslide,Complex,Medium,Downpour,,,8
2605,10/17/10,Carrefour,2.63565,,18.5202,-72.4111,"(18.520199999999999, -72.411100000000005)",Landslide,Mudslide,Medium,Downpour,,,2
2611,10/18/10,Cerro,0.89865,,23.1098,-82.3691,"(23.1098, -82.369100000000003)",Landslide,Complex,Medium,Tropical cyclone,Tropical Storm Paula,,0
2642,10/19/10,Thousand Palms,7.04978,,33.8575,-116.4518,"(33.857500000000002, -116.45180000000001)",Landslide,Mudslide,Small,Downpour,,,0
2652,10/25/10,Cusuna,36.37629,,15.5227,-85.265,"(15.5227, -85.265000000000001)",Landslide,Landslide,Medium,Tropical cyclone,Tropical Storm Richard,,0
2656,10/30/10,Richmond,8.74635,,18.2084,-76.8169,"(18.208400000000001, -76.816900000000004)",Landslide,Landslide,Medium,Unknown,,,0
2657,10/30/10,Georgetown,6.56616,,13.2548,-61.1805,"(13.254799999999999, -61.180500000000002)",Landslide,Landslide,Medium,Tropical cyclone,Hurricane Tomas,,0
2658,10/30/10,Laborie,2.74715,,13.7705,-60.969,"(13.7705, -60.969000000000001)",Landslide,Landslide,Medium,Tropical cyclone,Hurricane Tomas,,0
2659,10/31/10,Soufrière,1.56516,,13.8516,-61.0429,"(13.851599999999999, -61.042900000000003)",Landslide,Landslide,Medium,Tropical cyclone,Hurricane Tomas,,2
2660,10/31/10,Soufrière,1.24758,,13.8491,-61.0656,"(13.8491, -61.065600000000003)",Landslide,Landslide,Medium,Tropical cyclone,Hurricane Tomas,,2
2661,10/31/10,Dennery,6.13309,,13.921,-60.9402,"(13.920999999999999, -60.940199999999997)",Landslide,Landslide,Medium,Tropical cyclone,Hurricane Tomas,,0
2662,10/31/10,Soufrière,2.60663,,13.8328,-61.0535,"(13.832800000000001, -61.0535)",Landslide,Landslide,Medium,Tropical cyclone,Hurricane Tomas,,0
2663,10/31/10,Soufrière,0.96933,,13.8487,-61.0613,"(13.848699999999999, -61.061300000000003)",Landslide,Landslide,Medium,Tropical cyclone,Hurricane Tomas,,0
2664,10/31/10,Sangre Grande,33.51924,,10.8334,-60.9436,"(10.833399999999999, -60.943600000000004)",Landslide,Landslide,Medium,Tropical cyclone,Hurricane Tomas,,0
2665,10/31/10,Roxborough,8.44112,,11.3143,-60.5417,"(11.314299999999999, -60.541699999999999)",Landslide,Landslide,Medium,Tropical cyclone,Hurricane Tomas,,0
2666,10/31/10,Roxborough,3.3624,,11.2288,-60.6054,"(11.2288, -60.605400000000003)",Landslide,Landslide,Medium,Tropical cyclone,Hurricane Tomas,,0
2667,10/31/10,Paradise,2.64003,,10.666,-61.3832,"(10.666, -61.383200000000002)",Landslide,Landslide,Medium,Tropical cyclone,Hurricane Tomas,,0
2668,10/31/10,Roxborough,0.91163,,11.2505,-60.575,"(11.250500000000001, -60.575000000000003)",Landslide,Landslide,Medium,Tropical cyclone,Hurricane Tomas,,0
2669,10/31/10,Scarborough,4.68038,,11.2246,-60.7428,"(11.224600000000001, -60.742800000000003)",Landslide,Landslide,Medium,Downpour,,,0
2670,10/31/10,Scarborough,6.81393,,11.2434,-60.7195,"(11.243399999999999, -60.719499999999996)",Landslide,Landslide,Medium,Downpour,,,0
2680,11/04/2010,Escazú,3.67691,,9.886,-84.1349,"(9.8859999999999992, -84.134900000000002)",Landslide,Complex,Large,Tropical cyclone,Tropical Storm Tomas,,23
2681,11/04/2010,San Marcos,0.55804,,9.6563,-84.0236,"(9.6562999999999999, -84.023600000000002)",Landslide,Mudslide,Medium,Tropical cyclone,Tropical Storm Tomas,,3
2682,11/04/2010,San Rafael,9.61692,,10.0421,-84.5577,"(10.0421, -84.557699999999997)",Landslide,Landslide,Medium,Tropical cyclone,Tropical Storm Tomas,,0
2683,11/04/2010,Tilarán,10.21631,,10.4548,-84.8751,"(10.454800000000001, -84.875100000000003)",Landslide,Landslide,Medium,Tropical cyclone,Tropical Storm Tomas,,0
2684,11/04/2010,Orosí,19.28722,,9.6227,-83.8359,"(9.6227, -83.835899999999995)",Landslide,Landslide,Medium,Tropical cyclone,Tropical Storm Tomas,,0
2685,11/04/2010,Golfito,7.87044,,8.6117,-83.1,"(8.6117000000000008, -83.1)",Landslide,Landslide,Medium,Tropical cyclone,Tropical Storm Tomas,,0
2686,11/04/2010,Tejar,6.49523,,9.7112,-84.2812,"(9.7111999999999998, -84.281199999999998)",Landslide,Landslide,Medium,Tropical cyclone,Tropical Storm Tomas,,0
2687,11/04/2010,San Isidro,15.64997,,9.3084,-83.8312,"(9.3084000000000007, -83.831199999999995)",Landslide,Landslide,Medium,Tropical cyclone,Tropical Storm Tomas,,0
2688,11/04/2010,Corredor,4.93053,,8.6844,-82.9418,"(8.6844000000000001, -82.941800000000001)",Landslide,Landslide,Medium,Tropical cyclone,Tropical Storm Tomas,,0
2689,11/04/2010,Parrita,13.48919,,9.6341,-84.3662,"(9.6341000000000001, -84.366200000000006)",Landslide,Landslide,Medium,Tropical cyclone,Tropical Storm Tomas,,0
2690,11/04/2010,Ciudad Cortés,20.06633,,8.9896,-83.3438,"(8.9895999999999994, -83.343800000000002)",Landslide,Landslide,Medium,Tropical cyclone,Tropical Storm Tomas,,0
2691,11/04/2010,San Isidro,11.31047,,9.4425,-83.6293,"(9.4425000000000008, -83.629300000000001)",Landslide,Landslide,Medium,Tropical cyclone,Tropical Storm Tomas,,0
2692,11/04/2010,Mercedes,8.21372,,9.1922,-83.6055,"(9.1921999999999997, -83.605500000000006)",Landslide,Landslide,Medium,Tropical cyclone,Tropical Storm Tomas,,0
2703,11/05/2010,Santiago,5.43516,,9.999,-84.4876,"(9.9990000000000006, -84.4876)",Landslide,Landslide,Medium,Tropical cyclone,Tropical Storm Tomas,,0
2706,11/07/2010,Baracoa,10.45795,,20.2526,-74.4867,"(20.252600000000001, -74.486699999999999)",Landslide,Landslide,Medium,Tropical cyclone,Hurricane Tomas,,0
2707,11/07/2010,Huánuco,1.01932,,-9.9241,-76.2488,"(-9.9240999999999993, -76.248800000000003)",Landslide,Landslide,Medium,Downpour,,,2
2720,11/13/10,Quinchía,0.11421,,5.3391,-75.7311,"(5.3391000000000002, -75.731099999999998)",Landslide,Mudslide,Medium,Downpour,,,4
2721,11/13/10,Medellín,2.18776,,6.2674,-75.5758,"(6.2674000000000003, -75.575800000000001)",Landslide,Mudslide,Medium,Downpour,,,2
2722,11/13/10,San Marcos,25.51411,,8.5612,-74.9185,"(8.5611999999999995, -74.918499999999995)",Landslide,Mudslide,Medium,Downpour,,,0
2728,11/16/10,La Calera,7.28959,,4.7608,-74.0214,"(4.7607999999999997, -74.0214)",Landslide,Landslide,Medium,Downpour,,,4
2734,11/17/10,Manchester,5.03527,Above road,40.0988,-76.7763,"(40.098799999999997, -76.776300000000006)",Landslide,Landslide,Small,Downpour,,1,0
2735,11/18/10,Manchioneal,0.71773,,18.0445,-76.2781,"(18.044499999999999, -76.278099999999995)",Landslide,Landslide,Medium,Downpour,,,0
2736,11/20/10,Marquetalia,17.48659,,5.45,-75.0167,"(5.45, -75.0167)",Landslide,Landslide,Medium,Downpour,,,5
2737,11/20/10,Marquetalia,3.72195,,5.3298,-75.0495,"(5.3297999999999996, -75.049499999999995)",Landslide,Landslide,Medium,Downpour,,,1
2738,11/20/10,Marulanda,0.7283,,5.2833,-75.2667,"(5.2832999999999997, -75.2667)",Landslide,Landslide,Medium,Downpour,,,2
2739,11/20/10,Arboledas,14.62503,,7.6213,-72.9303,"(7.6212999999999997, -72.930300000000003)",Landslide,Landslide,Medium,Downpour,,,0
2740,11/20/10,San Andrés,3.06383,,6.8202,-72.8756,"(6.8201999999999998, -72.875600000000006)",Landslide,Landslide,Medium,Downpour,,,0
2741,11/20/10,Cáceres,4.29197,,7.6167,-75.3337,"(7.6166999999999998, -75.333699999999993)",Landslide,Landslide,Medium,Downpour,,,0
2742,11/21/10,Ángeles,19.54581,,10.1433,-83.9529,"(10.1433, -83.9529)",Landslide,Landslide,Medium,Downpour,,,0
2749,11/25/10,Santa Teresa,8.45736,,10.2452,-66.5867,"(10.245200000000001, -66.586699999999993)",Landslide,Mudslide,Medium,Downpour,,,1
2753,11/26/10,Caracas,2.95706,,10.4913,-66.906,"(10.491300000000001, -66.906000000000006)",Landslide,Mudslide,Medium,Downpour,,,3
2755,11/27/10,Petit Valley,3.33629,,10.6963,-61.5636,"(10.696300000000001, -61.563600000000001)",Landslide,Landslide,Medium,Downpour,,,0
2756,11/27/10,Petit Valley,3.08955,,10.6949,-61.5611,"(10.694900000000001, -61.561100000000003)",Landslide,Landslide,Medium,Downpour,,,0
2757,11/27/10,Petit Valley,4.66234,,10.7335,-61.5592,"(10.733499999999999, -61.559199999999997)",Landslide,Landslide,Medium,Downpour,,,0
2758,11/27/10,Petit Valley,4.50278,,10.6895,-61.5731,"(10.689500000000001, -61.573099999999997)",Landslide,Landslide,Medium,Downpour,,,0
2759,11/27/10,Petit Valley,6.58396,,10.6915,-61.5929,"(10.6915, -61.5929)",Landslide,Landslide,Medium,Downpour,,,0
2760,11/27/10,Petit Valley,1.83626,,10.6834,-61.5335,"(10.683400000000001, -61.533499999999997)",Landslide,Landslide,Medium,Downpour,,,0
2761,11/27/10,Caricuao,7.90754,,10.503,-66.9995,"(10.503, -66.999499999999998)",Landslide,Mudslide,Medium,Downpour,,,1
2762,11/27/10,Caricuao,5.6405,,10.4267,-67.0342,"(10.4267, -67.034199999999998)",Landslide,Landslide,Medium,Downpour,,,0
2763,11/27/10,Caricuao,5.74106,,10.4669,-66.9431,"(10.466900000000001, -66.943100000000001)",Landslide,Landslide,Medium,Downpour,,,2
2764,11/27/10,Caracas,4.58994,,10.4867,-66.9211,"(10.486700000000001, -66.921099999999996)",Landslide,Landslide,Medium,Downpour,,,0
2765,11/27/10,Baruta,2.69644,,10.4447,-66.8545,"(10.444699999999999, -66.854500000000002)",Landslide,Landslide,Medium,Downpour,,,0
2766,11/27/10,El Hatillo,1.04263,,10.4393,-66.815,"(10.439299999999999, -66.814999999999998)",Landslide,Landslide,Medium,Downpour,,,0
2769,11/29/10,Caracas,3.1406,,10.5129,-66.893,"(10.5129, -66.893000000000001)",Landslide,Landslide,Medium,Downpour,,,1
2770,11/29/10,Caracas,6.04235,,10.5029,-66.9323,"(10.5029, -66.932299999999998)",Landslide,Landslide,Medium,Downpour,,,2
2771,11/29/10,Guatire,15.84114,,10.6144,-66.5806,"(10.6144, -66.580600000000004)",Landslide,Mudslide,Medium,Downpour,,,0
2772,11/29/10,Caracas,3.87793,,10.4891,-66.9146,"(10.489100000000001, -66.914599999999993)",Landslide,Landslide,Medium,Downpour,,,0
2773,11/29/10,Caracas,3.65044,,10.4701,-66.9072,"(10.4701, -66.907200000000003)",Landslide,Landslide,Medium,Downpour,,,0
2774,11/30/10,Caracas,8.11953,,10.5139,-66.9486,"(10.5139, -66.948599999999999)",Landslide,Landslide,Medium,Downpour,,,1
2775,11/30/10,Little Falls,2.73513,,43.0274,-74.8851,"(43.0274, -74.885099999999994)",Landslide,Mudslide,Medium,Downpour,,,0
2776,12/01/2010,Knoxville,4.92279,,35.9251,-83.9534,"(35.9251, -83.953400000000002)",Landslide,Rockfall,Medium,Downpour,,,0
2777,12/01/2010,Flat Rock,5.16572,,35.2436,-82.4872,"(35.243600000000001, -82.487200000000001)",Landslide,Landslide,Medium,Downpour,,,0
2784,12/05/2010,Bello,2.04898,,6.3236,-75.5455,"(6.3235999999999999, -75.545500000000004)",Landslide,Landslide,Very_large,Downpour,,,91
2786,12/07/2010,Princes Town,8.41931,,10.2466,-61.3092,"(10.246600000000001, -61.309199999999997)",Landslide,Landslide,Small,Downpour,,,0
2787,12/07/2010,Sangre Grande,33.10893,,10.8275,-60.9416,"(10.827500000000001, -60.941600000000001)",Landslide,Landslide,Medium,Downpour,,,0
2788,12/07/2010,Sangre Grande,33.10893,,10.8275,-60.9416,"(10.827500000000001, -60.941600000000001)",Landslide,Landslide,Medium,Downpour,,,0
2794,12/08/2010,El Giral,1.8033,,9.2332,-79.6961,"(9.2332000000000001, -79.696100000000001)",Landslide,Landslide,Medium,Downpour,,,0
2795,12/09/2010,Portobelo,0.09491,Deforested slope,9.5493,-79.6505,"(9.5493000000000006, -79.650499999999994)",Landslide,Mudslide,Medium,Downpour,,,8
2868,12/19/10,Running Springs,7.63522,,34.231,-117.0312,"(34.231000000000002, -117.0312)",Landslide,Mudslide,Medium,Downpour,,,0
2873,12/20/10,Summerlin South,19.35795,,36.0185,-115.5073,"(36.018500000000003, -115.5073)",Landslide,Mudslide,Small,Downpour,,,0
2874,12/21/10,Encinitas,4.45005,,33.0744,-117.3092,"(33.074399999999997, -117.3092)",Landslide,Rockfall,Small,Downpour,,,0
2876,12/21/10,Muscoy,4.5152,,34.1608,-117.2959,"(34.160800000000002, -117.2959)",Landslide,Mudslide,Small,Downpour,,,0
2880,12/22/10,Encinitas,3.31222,,33.0648,-117.3049,"(33.064799999999998, -117.3049)",Landslide,Landslide,Small,Downpour,,,0
2881,12/22/10,Highland,1.85916,,34.1358,-117.1906,"(34.135800000000003, -117.1906)",Landslide,Complex,Small,Downpour,,,0
2884,12/22/10,San Jacinto,2.92944,,33.8071,-116.9435,"(33.807099999999998, -116.9435)",Landslide,Landslide,Small,Downpour,,,0
2885,12/22/10,Running Springs,6.40077,,34.1813,-117.1709,"(34.1813, -117.1709)",Landslide,Landslide,Small,Downpour,,,0
2887,12/22/10,Highland,1.95744,,34.1407,-117.1935,"(34.140700000000002, -117.1935)",Landslide,Mudslide,Medium,Downpour,,,0
2890,12/22/10,Running Springs,3.35384,,34.2174,-117.0747,"(34.217399999999998, -117.07470000000001)",Landslide,Rockfall,Small,Downpour,,,0
2893,12/22/10,Carlsbad,5.86771,,33.1466,-117.2892,"(33.146599999999999, -117.28919999999999)",Landslide,Mudslide,Small,Downpour,,,0
2895,12/22/10,Loma Linda,3.23578,,34.0775,-117.2599,"(34.077500000000001, -117.2599)",Landslide,Mudslide,Small,Downpour,,,0
2896,12/22/10,La Jolla,2.01316,,32.8471,-117.2527,"(32.847099999999998, -117.2527)",Landslide,Mudslide,Small,Downpour,,,0
2897,12/22/10,La Jolla,2.24058,,32.8296,-117.2626,"(32.829599999999999, -117.26260000000001)",Landslide,Mudslide,Small,Downpour,,,0
2898,12/22/10,Loma Linda,0.87634,,34.0424,-117.2674,"(34.042400000000001, -117.26739999999999)",Landslide,Mudslide,Medium,Downpour,,,0
2899,12/23/10,San Pablo,4.95353,,1.68,-76.97,"(1.68, -76.97)",Landslide,Landslide,Large,Downpour,,,13
2907,12/28/10,La Mesa,6.02579,,32.7708,-117.0873,"(32.770800000000001, -117.0873)",Landslide,Mudslide,Small,Downpour,,,0
2910,12/28/10,Moreno Valley,9.07891,,33.9385,-117.1324,"(33.938499999999998, -117.1324)",Landslide,Landslide,Small,Downpour,,,0
2930,01/02/2011,Mingo Junction,2.81727,,40.2975,-80.6196,"(40.297499999999999, -80.619600000000005)",Landslide,Mudslide,Small,Freeze thaw,,,0
2948,01/09/2011,Yanac,3.70678,,-8.6252,-77.8341,"(-8.6251999999999995, -77.834100000000007)",Landslide,Mudslide,Medium,Downpour,,,0
2962,01/11/2011,Guápiles,17.23264,,10.166,-83.9356,"(10.166, -83.935599999999994)",Landslide,Landslide,Medium,Downpour,,,0
3015,1/16/11,Idaho City,34.46887,,44.0967,-116.0504,"(44.096699999999998, -116.0504)",Landslide,Mudslide,Medium,Downpour,,,0
3018,1/16/11,Boise,14.32586,,43.6361,-116.0287,"(43.636099999999999, -116.0287)",Landslide,Mudslide,Medium,Downpour,,,0
3021,1/16/11,Boise,14.99911,,43.6626,-116.0303,"(43.662599999999998, -116.0303)",Landslide,Mudslide,Medium,Downpour,,,0
3043,1/18/11,Idaho City,38.27504,,44.1126,-116.1043,"(44.1126, -116.10429999999999)",Landslide,Complex,Medium,Freeze thaw,,,0
3076,1/30/11,Chesapeake,6.15192,,38.1721,-81.5627,"(38.1721, -81.562700000000007)",Landslide,Mudslide,Medium,Downpour,,,0
3090,02/05/2011,Maggie Valley,1.20337,Above road,35.5288,-83.1002,"(35.528799999999997, -83.100200000000001)",Landslide,Mudslide,Medium,Rain,,,0
3119,2/14/11,Machachi,25.82923,,-0.6273,-78.3664,"(-0.62729999999999997, -78.366399999999999)",Landslide,Mudslide,Medium,Downpour,,,0
3120,2/14/11,Saquisilí,30.81169,,-0.6549,-78.874,"(-0.65490000000000004, -78.873999999999995)",Landslide,Mudslide,Medium,Downpour,,,2
3130,2/16/11,Richmond,3.7758,,18.2724,-76.9104,"(18.272400000000001, -76.910399999999996)",Landslide,Landslide,Medium,Downpour,,,0
3131,2/16/11,Buff Bay,7.52317,,18.1689,-76.6852,"(18.168900000000001, -76.685199999999995)",Landslide,Landslide,Medium,Downpour,,,0
3135,2/18/11,Descanso,9.82301,,32.9112,-116.5369,"(32.911200000000001, -116.5369)",Landslide,Complex,Medium,Downpour,,,0
3167,03/02/2011,La Palma,13.40535,,7.5955,-80.38,"(7.5955000000000004, -80.38)",Landslide,Landslide,Medium,Downpour,,,0
3168,03/02/2011,Almirante,8.41491,,9.3224,-82.4732,"(9.3224, -82.473200000000006)",Landslide,Landslide,Medium,Downpour,,,0
3169,03/02/2011,Glen Lyon,8.31157,Above road,41.1204,-76.1398,"(41.120399999999997, -76.139799999999994)",Landslide,Mudslide,Medium,Rain,,,0
3170,03/03/2011,Matanza,6.16385,,7.35,-72.9667,"(7.35, -72.966700000000003)",Landslide,Mudslide,Medium,Downpour,,,3
3175,03/06/2011,Blowing Rock,13.11943,,36.0378,-81.5949,"(36.037799999999997, -81.594899999999996)",Landslide,Mudslide,Medium,Downpour,,,0
3176,03/06/2011,Bethel,2.63291,,41.3484,-73.4226,"(41.348399999999998, -73.422600000000003)",Landslide,Mudslide,Medium,Downpour,,,0
3177,03/07/2011,New Milford,,,,,,Landslide,Mudslide,Medium,Downpour,,,0
3178,03/07/2011,Greenfield,0.81961,,42.5804,-72.6018,"(42.580399999999997, -72.601799999999997)",Landslide,Mudslide,Medium,Rain,,,0
3180,03/07/2011,Maiquetía,7.89319,,10.5259,-66.9425,"(10.5259, -66.942499999999995)",Landslide,Mudslide,Medium,Downpour,,,0
3181,03/08/2011,Heidelberg,1.54687,,40.3927,-80.1091,"(40.392699999999998, -80.109099999999998)",Landslide,Landslide,Medium,Downpour,,,0
3182,03/08/2011,Wildwood,2.41198,Below road,38.5678,-90.6426,"(38.567799999999998, -90.642600000000002)",Landslide,Mudslide,Medium,Downpour,,,0
3183,03/08/2011,Hazard,0.70654,,37.2537,-83.1872,"(37.253700000000002, -83.187200000000004)",Landslide,Mudslide,Medium,Downpour,,,0
3187,03/09/2011,Lewiston,3.95434,,43.1372,-79.0415,"(43.1372, -79.041499999999999)",Landslide,Rockfall,Small,Downpour,,,0
3188,03/09/2011,Bethany,2.52454,,40.1854,-80.5432,"(40.185400000000001, -80.543199999999999)",Landslide,Landslide,Small,Downpour,,,0
3189,03/09/2011,Bethany,1.92763,,40.212,-80.5778,"(40.212000000000003, -80.577799999999996)",Landslide,Landslide,Medium,Downpour,,,0
3190,03/10/2011,Tunkhannock,13.6612,,41.5474,-76.1099,"(41.547400000000003, -76.109899999999996)",Landslide,Mudslide,Small,Downpour,,,0
3195,03/10/2011,Arlington,3.23558,,38.907,-77.0874,"(38.906999999999996, -77.087400000000002)",Landslide,Mudslide,Medium,Downpour,,,0
3198,03/10/2011,Hillsville,13.60254,,36.8693,-80.6597,"(36.869300000000003, -80.659700000000001)",Landslide,Landslide,Medium,Downpour,,,0
3200,03/11/2011,Bellaire,3.66747,,39.9984,-80.7785,"(39.998399999999997, -80.778499999999994)",Landslide,Landslide,Small,Downpour,,,0
3201,03/11/2011,Brilliant,4.85999,,40.2324,-80.6646,"(40.232399999999998, -80.664599999999993)",Landslide,Landslide,Medium,Downpour,,,0
3202,03/11/2011,Tunkhannock,4.84701,,41.5041,-75.982,"(41.504100000000001, -75.981999999999999)",Landslide,Mudslide,Medium,Downpour,,,0
3204,03/12/2011,Wellsville,0.79841,,40.6006,-80.64,"(40.6006, -80.64)",Landslide,Mudslide,Small,Downpour,,,0
3210,3/13/11,Brilliant,4.85999,,40.2324,-80.6646,"(40.232399999999998, -80.664599999999993)",Landslide,Landslide,Medium,Downpour,,,0
3227,3/15/11,Jacksonville,1.79927,,33.7975,-85.762,"(33.797499999999999, -85.762)",Landslide,Landslide,Small,Downpour,,,0
3231,3/15/11,Bradford Woods,4.62567,,40.6357,-80.0271,"(40.6357, -80.027100000000004)",Landslide,Landslide,Medium,Downpour,,,0
3243,3/16/11,Powhatan Point,1.01208,,39.8541,-80.8243,"(39.854100000000003, -80.824299999999994)",Landslide,Landslide,Medium,Downpour,,,0
3244,3/16/11,Wellsville,3.09494,,40.5812,-80.672,"(40.581200000000003, -80.671999999999997)",Landslide,Mudslide,Medium,Downpour,,,0
3248,3/18/11,Hadley,6.60211,,43.3197,-73.9295,"(43.319699999999997, -73.929500000000004)",Landslide,Mudslide,Medium,Rain,,,0
3255,3/20/11,Villamaría,2.36822,,5.0255,-75.5236,"(5.0255000000000001, -75.523600000000002)",Landslide,Landslide,Medium,Downpour,,,0
3262,3/21/11,Summit Park,5.09388,,40.7388,-111.6712,"(40.738799999999998, -111.6712)",Landslide,Mudslide,Small,Downpour,,,0
3300,3/26/11,Cúcuta,3.6052,Unknown,7.9467,-72.4908,"(7.9466999999999999, -72.490799999999993)",Landslide,Mudslide,Medium,Downpour,,,0
3303,3/26/11,Valley Center,5.13929,,33.1817,-117.0005,"(33.181699999999999, -117.0005)",Landslide,Landslide,Medium,Downpour,,,0
3311,3/28/11,Manizales,1.7085,,5.0569,-75.5271,"(5.0568999999999997, -75.527100000000004)",Landslide,Landslide,Medium,Rain,,,0
3339,04/05/2011,Sevierville,2.43605,,35.8473,-83.5703,"(35.847299999999997, -83.570300000000003)",Landslide,Mudslide,Small,Rain,,,0
3340,04/05/2011,Bethlehem,1.94038,,40.0607,-80.6841,"(40.060699999999997, -80.684100000000001)",Landslide,Mudslide,Small,Downpour,,,0
3343,04/06/2011,Coraopolis,2.47173,,40.5196,-80.1376,"(40.519599999999997, -80.137600000000006)",Landslide,Landslide,Small,Rain,,,0
3345,04/08/2011,Rocky River,1.57593,Below road,41.4671,-81.8242,"(41.467100000000002, -81.824200000000005)",Landslide,Landslide,Small,Rain,,,0
3346,04/09/2011,Chesapeake,25.09618,,37.9977,-81.5201,"(37.997700000000002, -81.520099999999999)",Landslide,Landslide,Small,Downpour,,,0
3347,04/10/2011,Medellín,4.19867,,6.2379,-75.5283,"(6.2378999999999998, -75.528300000000002)",Landslide,Landslide,Medium,Downpour,,,4
3351,04/10/2011,Millvale,2.94131,,40.4981,-80.0038,"(40.498100000000001, -80.003799999999998)",Landslide,Landslide,Small,Downpour,,,0
3352,04/11/2011,El Tambo,0.60599,,1.4128,-77.398,"(1.4128000000000001, -77.397999999999996)",Landslide,Landslide,Medium,Downpour,,,0
3353,04/11/2011,El Tambo,3.81445,,1.4499,-77.3834,"(1.4499, -77.383399999999995)",Landslide,Mudslide,Medium,Downpour,,,5
3355,04/12/2011,Victoria,1.19981,,12.1979,-61.699,"(12.197900000000001, -61.698999999999998)",Landslide,Landslide,Small,Downpour,,,0
3356,04/12/2011,Gouyave,5.65355,,12.1353,-61.6871,"(12.135300000000001, -61.687100000000001)",Landslide,Landslide,Small,Downpour,,,0
3357,04/12/2011,Georgetown,1.4524,,13.2767,-61.1372,"(13.2767, -61.1372)",Landslide,Landslide,Medium,Downpour,,,0
3358,04/12/2011,Bellevue,1.26817,,39.1153,-84.4881,"(39.115299999999998, -84.488100000000003)",Landslide,Landslide,Small,Downpour,,,0
3359,4/13/11,Manizales,1.07765,,5.0657,-75.5082,"(5.0656999999999996, -75.508200000000002)",Landslide,Landslide,Small,Downpour,,,0
3360,4/13/11,Villamaría,15.82404,,5.0343,-75.3723,"(5.0343, -75.372299999999996)",Landslide,Landslide,Large,Downpour,,,20
3361,4/13/11,Pittsburgh,1.29731,,40.432,-80.0062,"(40.432000000000002, -80.006200000000007)",Landslide,Complex,Small,Continuous rain,,,0
3362,4/13/11,Santa Rosa de Osos,18.91189,Unknown,6.468,-74.9411,"(6.468, -74.941100000000006)",Landslide,Landslide,Medium,Downpour,,,4
3363,4/14/11,West Homestead,1.91993,,40.3782,-79.9213,"(40.3782, -79.921300000000002)",Landslide,Mudslide,Medium,Downpour,,,0
3364,4/14/11,Bradford Woods,2.06885,,40.6525,-80.0671,"(40.652500000000003, -80.067099999999996)",Landslide,Landslide,Medium,Downpour,,,0
3365,4/15/11,Florián,0.44753,,5.8044,-73.9743,"(5.8044000000000002, -73.974299999999999)",Landslide,Mudslide,Large,Downpour,,,11
3367,4/16/11,San Antonio del Tequendama,6.08628,,4.6502,-74.399,"(4.6501999999999999, -74.399000000000001)",Landslide,Landslide,Medium,Downpour,,,0
3368,4/16/11,Hoboken,0.84845,,40.7443,-74.0424,"(40.744300000000003, -74.042400000000001)",Landslide,Mudslide,Small,Downpour,,,0
3369,4/16/11,Tiltonsville,3.77028,,40.1909,-80.6687,"(40.190899999999999, -80.668700000000001)",Landslide,Mudslide,Small,Downpour,,,0
3370,4/16/11,Elizabeth,15.03444,,39.0315,-81.5639,"(39.031500000000001, -81.563900000000004)",Landslide,Mudslide,Small,Downpour,,,0
3371,4/16/11,Brilliant,1.76001,,40.2498,-80.6329,"(40.2498, -80.632900000000006)",Landslide,Mudslide,Medium,Downpour,,,0
3372,4/16/11,Bala Cynwyd,3.74706,,39.982,-75.2055,"(39.981999999999999, -75.205500000000001)",Landslide,Mudslide,Medium,Downpour,,,0
3379,4/17/11,Thurmont,3.50924,,39.6526,-77.4274,"(39.6526, -77.427400000000006)",Landslide,Mudslide,Medium,Downpour,,,0
3386,4/21/11,Independence,2.19418,,38.9566,-84.5256,"(38.956600000000002, -84.525599999999997)",Landslide,Landslide,Small,Downpour,,,0
3387,4/21/11,Cold Spring,1.22389,,39.0189,-84.4536,"(39.018900000000002, -84.453599999999994)",Landslide,Landslide,Small,Downpour,,,0
3388,4/21/11,Williamstown,12.53751,,38.5293,-84.599,"(38.529299999999999, -84.599000000000004)",Landslide,Landslide,Small,Downpour,,,0
3389,4/21/11,Villa Hills,2.03469,,39.0639,-84.6165,"(39.063899999999997, -84.616500000000002)",Landslide,Mudslide,Medium,Downpour,,,0
3390,4/21/11,Delhi Hills,3.45556,,39.0744,-84.6449,"(39.074399999999997, -84.644900000000007)",Landslide,Landslide,Medium,Downpour,,,0
3391,4/21/11,Wilder,1.24385,,39.0456,-84.4833,"(39.0456, -84.4833)",Landslide,Landslide,Medium,Downpour,,,0
3392,4/21/11,Alexandria,4.61879,,38.9939,-84.358,"(38.993899999999996, -84.358000000000004)",Landslide,Landslide,Medium,Downpour,,,0
3393,4/22/11,Municipio de Copacabana,7.98838,,6.3704,-75.4408,"(6.3704000000000001, -75.440799999999996)",Landslide,Landslide,Medium,Downpour,,,2
3398,4/23/11,Frontino,5.0696,,6.7425,-76.1551,"(6.7424999999999997, -76.155100000000004)",Landslide,Landslide,Medium,Rain,,,0
3403,4/24/11,Macas,46.77007,,-2.0398,-78.4359,"(-2.0398000000000001, -78.435900000000004)",Landslide,Landslide,Medium,Downpour,,,7
3404,4/24/11,Sissonville,3.90856,,38.5212,-81.6749,"(38.5212, -81.674899999999994)",Landslide,Mudslide,Small,Downpour,,,0
3405,4/24/11,West Portsmouth,6.43139,,38.71,-83.0697,"(38.71, -83.069699999999997)",Landslide,Mudslide,Medium,Downpour,,,0
3406,4/24/11,Waverly,12.99718,,39.1653,-82.8435,"(39.165300000000002, -82.843500000000006)",Landslide,Mudslide,Medium,Downpour,,,0
3408,4/25/11,Hollister,8.78605,,36.5989,-93.3097,"(36.5989, -93.309700000000007)",Landslide,Mudslide,Small,Downpour,,,0
3409,4/25/11,Cleves,4.50908,,39.1369,-84.7904,"(39.136899999999997, -84.790400000000005)",Landslide,Landslide,Small,Downpour,,,0
3410,4/25/11,Ludlow,1.26285,,39.0978,-84.5604,"(39.097799999999999, -84.560400000000001)",Landslide,Landslide,Small,Downpour,,,0
3411,4/25/11,Bellevue,1.42927,,39.1075,-84.4953,"(39.107500000000002, -84.4953)",Landslide,Landslide,Small,Downpour,,,0
3412,4/25/11,Eddyville,7.88518,,37.0379,-88.0267,"(37.0379, -88.026700000000005)",Landslide,Landslide,Small,Downpour,,,0
3413,4/25/11,Cincinnati,2.59168,,39.1647,-84.4271,"(39.164700000000003, -84.427099999999996)",Landslide,Landslide,Small,Downpour,,,0
3414,4/25/11,Newport,1.73096,,39.1065,-84.501,"(39.106499999999997, -84.501000000000005)",Landslide,Landslide,Small,Downpour,,,0
3415,4/25/11,Cincinnati,2.68376,,39.1645,-84.426,"(39.164499999999997, -84.426000000000002)",Landslide,Mudslide,Small,Downpour,,,0
3416,4/25/11,Wolfhurst,7.12905,,40.127,-80.8202,"(40.127000000000002, -80.8202)",Landslide,Landslide,Small,Downpour,,,0
3417,4/25/11,Midway,6.74198,,36.4461,-92.4623,"(36.446100000000001, -92.462299999999999)",Landslide,Landslide,Small,Downpour,,,0
3418,4/25/11,Dry Ridge,2.924,,39.2515,-84.6515,"(39.2515, -84.651499999999999)",Landslide,Landslide,Medium,Downpour,,,0
3419,4/25/11,Barrackville,1.6033,,39.4896,-80.1708,"(39.489600000000003, -80.1708)",Landslide,Mudslide,Medium,Downpour,,,0
3427,4/26/11,Amelia,4.45788,,39.0188,-84.2677,"(39.018799999999999, -84.267700000000005)",Landslide,Landslide,Small,Downpour,,,0
3428,4/26/11,Bolivar,9.34376,,35.1802,-88.9436,"(35.180199999999999, -88.943600000000004)",Landslide,Landslide,Small,Downpour,,,0
3434,4/27/11,Dickson,8.14549,,36.0562,-87.4745,"(36.056199999999997, -87.474500000000006)",Landslide,Landslide,Small,Downpour,,,0
3435,4/27/11,Ludlow,2.0883,,39.1098,-84.5571,"(39.1098, -84.557100000000005)",Landslide,Mudslide,Small,Downpour,,,0
3436,4/27/11,McEwen,12.81745,,36.1638,-87.5085,"(36.163800000000002, -87.508499999999998)",Landslide,Landslide,Small,Downpour,,,0
3438,4/28/11,Dawson Springs,8.74503,,37.1552,-87.7898,"(37.155200000000001, -87.7898)",Landslide,Landslide,Medium,Downpour,,,0
3440,4/29/11,Harlan,15.7657,,36.8755,-83.1497,"(36.875500000000002, -83.149699999999996)",Landslide,Mudslide,Medium,Continuous rain,,,0
3441,4/30/11,Willow Springs,13.48426,,36.9118,-92.0833,"(36.911799999999999, -92.083299999999994)",Landslide,Landslide,Medium,Downpour,,,0
3443,05/01/2011,Cumberland,8.68702,,36.9284,-83.0638,"(36.928400000000003, -83.063800000000001)",Landslide,Landslide,Small,Downpour,,,0
3445,05/03/2011,Turpin Hills,2.88328,,39.0968,-84.4086,"(39.096800000000002, -84.408600000000007)",Landslide,Mudslide,Small,Downpour,,,0
3446,05/03/2011,Bridgetown,4.26162,,39.12,-84.6621,"(39.119999999999997, -84.662099999999995)",Landslide,Mudslide,Small,Downpour,,,0
3448,05/03/2011,Mack,2.95385,,39.1333,-84.662,"(39.133299999999998, -84.662000000000006)",Landslide,Mudslide,Small,Downpour,,,0
3449,05/03/2011,New Burlington,1.81969,,39.2534,-84.5376,"(39.253399999999999, -84.537599999999998)",Landslide,Mudslide,Small,Downpour,,,0
3450,05/03/2011,Ludlow,1.27755,,39.0973,-84.5609,"(39.097299999999997, -84.560900000000004)",Landslide,Mudslide,Medium,Downpour,,,0
3452,05/03/2011,Samacá,0.85976,,5.5002,-73.4832,"(5.5002000000000004, -73.483199999999997)",Landslide,Complex,Medium,Downpour,,,2
3454,05/03/2011,Augusta,8.35471,,38.7981,-84.0971,"(38.798099999999998, -84.097099999999998)",Landslide,Mudslide,Small,Downpour,,,0
3455,05/03/2011,Frankfort,2.05395,,38.1825,-84.8757,"(38.182499999999997, -84.875699999999995)",Landslide,Mudslide,Small,Downpour,,,0
3456,05/03/2011,Frankfort,3.61757,,38.1684,-84.8703,"(38.168399999999998, -84.8703)",Landslide,Mudslide,Medium,Downpour,,,0
3457,05/03/2011,Frankfort,3.19663,,38.1723,-84.8775,"(38.1723, -84.877499999999998)",Landslide,Mudslide,Medium,Downpour,,,0
3458,05/03/2011,Maysville,2.33611,,38.6487,-83.7193,"(38.648699999999998, -83.719300000000004)",Landslide,Mudslide,Medium,Downpour,,,0
3459,05/03/2011,Aberdeen,5.88319,,38.7037,-83.7895,"(38.703699999999998, -83.789500000000004)",Landslide,Landslide,Medium,Downpour,,,0
3460,05/02/2011,Quito,4.39517,Urban area,-0.2648,-78.5074,"(-0.26479999999999998, -78.507400000000004)",Landslide,Mudslide,Medium,Unknown,,7,5
3463,05/04/2011,Swanton,5.80477,,44.9378,-73.0562,"(44.937800000000003, -73.056200000000004)",Landslide,Mudslide,Small,Downpour,,,0
3464,05/04/2011,Swanton,5.93705,Above river,44.9344,-73.051,"(44.934399999999997, -73.051000000000002)",Landslide,Mudslide,Medium,Downpour,,,0
3466,05/05/2011,Barre,6.58098,,44.2553,-72.4875,"(44.255299999999998, -72.487499999999997)",Landslide,Mudslide,Small,Downpour,,,0
3471,05/08/2011,Belén,2.28425,,6.0061,-72.924,"(6.0061, -72.924000000000007)",Landslide,Landslide,Medium,Downpour,,,0
3472,05/08/2011,Ángeles,15.05161,,10.1118,-83.9793,"(10.111800000000001, -83.979299999999995)",Landslide,Landslide,Medium,Rain,,,0
3478,05/08/2011,Victor,14.40898,,43.5411,-111.2683,"(43.5411, -111.2683)",Landslide,Mudslide,Small,Downpour,,,0
3482,05/10/2011,Charleston,6.0222,,38.3922,-81.5896,"(38.392200000000003, -81.589600000000004)",Landslide,Mudslide,Small,Downpour,,,0
3486,05/11/2011,Burlington,4.35442,,38.4458,-82.5453,"(38.445799999999998, -82.545299999999997)",Landslide,Landslide,Small,Downpour,,,0
3487,05/11/2011,Ironton,19.76853,,38.6743,-82.5388,"(38.674300000000002, -82.538799999999995)",Landslide,Landslide,Small,Downpour,,,0
3488,05/11/2011,Coal Grove,9.74624,,38.544,-82.548,"(38.543999999999997, -82.548000000000002)",Landslide,Landslide,Small,Downpour,,,0
3489,05/11/2011,Ironton,20.40835,,38.6451,-82.4937,"(38.645099999999999, -82.493700000000004)",Landslide,Landslide,Medium,Downpour,,,0
3490,05/12/2011,Brooklyn Heights,0.81717,,41.4184,-81.6849,"(41.418399999999998, -81.684899999999999)",Landslide,Mudslide,Medium,Downpour,,,0
3493,5/13/11,Masontown,5.82547,,39.8842,-79.8521,"(39.8842, -79.852099999999993)",Landslide,Mudslide,Small,Downpour,,,0
3494,5/13/11,Washington,18.14779,,40.0205,-80.3194,"(40.020499999999998, -80.319400000000002)",Landslide,Mudslide,Small,Downpour,,,0
3495,5/13/11,Maple Glen,1.49457,,40.0118,-79.9935,"(40.011800000000001, -79.993499999999997)",Landslide,Landslide,Medium,Continuous rain,,,0
3498,5/15/11,Whitehall,16.90533,,43.6128,-73.5977,"(43.6128, -73.597700000000003)",Landslide,Mudslide,Small,Downpour,,,0
3499,5/16/11,Cali,8.30406,,3.4677,-76.5908,"(3.4676999999999998, -76.590800000000002)",Landslide,Landslide,Medium,Downpour,,,0
3500,5/16/11,Lebrija,9.21217,,7.096,-73.2994,"(7.0960000000000001, -73.299400000000006)",Landslide,Landslide,Medium,Downpour,,,2
3501,5/17/11,Piedecuesta,10.55986,,6.905,-73.0021,"(6.9050000000000002, -73.002099999999999)",Landslide,Landslide,Medium,Downpour,,,0
3502,5/17/11,Curtisville,2.01507,,40.6573,-79.8375,"(40.657299999999999, -79.837500000000006)",Landslide,Landslide,Small,Downpour,,,0
3503,5/18/11,San Vicente de Chucurí,0.80432,,6.8835,-73.4166,"(6.8834999999999997, -73.416600000000003)",Landslide,Complex,Medium,Downpour,,,1
3504,5/18/11,Huntington,1.71788,,38.4069,-82.4333,"(38.4069, -82.433300000000003)",Landslide,Landslide,Small,Downpour,,,0
3505,5/18/11,Huntington,2.13503,,38.4072,-82.4261,"(38.407200000000003, -82.426100000000005)",Landslide,Landslide,Small,Downpour,,,0
3506,5/18/11,Huntington,2.94557,,38.4001,-82.4685,"(38.400100000000002, -82.468500000000006)",Landslide,Landslide,Small,Downpour,,,0
3507,5/18/11,Huntington,2.76021,,38.4007,-82.4662,"(38.400700000000001, -82.466200000000001)",Landslide,Landslide,Small,Downpour,,,0
3508,5/18/11,Huntington,0.01392,,38.4193,-82.4453,"(38.4193, -82.445300000000003)",Landslide,Landslide,Small,Downpour,,,0
3509,5/18/11,West Liberty,11.0113,,40.1095,-80.4911,"(40.109499999999997, -80.491100000000003)",Landslide,Mudslide,Small,Downpour,,,0
3510,5/18/11,Coraopolis,2.45126,,40.521,-80.138,"(40.521000000000001, -80.138000000000005)",Landslide,Landslide,Small,Downpour,,,0
3511,5/18/11,Russellton,4.06157,,40.5755,-79.8282,"(40.575499999999998, -79.828199999999995)",Landslide,Landslide,Medium,Downpour,,,0
3514,5/19/11,Plum,1.0937,,40.5071,-79.7401,"(40.507100000000001, -79.740099999999998)",Landslide,Landslide,Small,Downpour,,,0
3515,5/19/11,Youngwood,3.51907,,40.2357,-79.5358,"(40.235700000000001, -79.535799999999995)",Landslide,Landslide,Small,Downpour,,,0
3516,5/19/11,Wolf Creek,8.65312,,41.2554,-111.8305,"(41.255400000000002, -111.8305)",Landslide,Landslide,Medium,Downpour,,,0
3517,5/19/11,Ingram,0.7126,,40.448,-80.0595,"(40.448, -80.0595)",Landslide,Landslide,Medium,Downpour,,,0
3518,5/20/11,Pittsburgh,0.26199,,40.4407,-79.9928,"(40.4407, -79.992800000000003)",Landslide,Landslide,Small,Downpour,,,0
3522,5/21/11,Santaquin,7.91495,,39.9121,-111.7429,"(39.912100000000002, -111.74290000000001)",Landslide,Mudslide,Small,Downpour,,,0
3523,5/21/11,Leetsdale,1.11499,,40.5558,-80.2174,"(40.555799999999998, -80.217399999999998)",Landslide,Creep,Medium,Downpour,,,0
3524,5/21/11,Leetsdale,1.11499,,40.5558,-80.2174,"(40.555799999999998, -80.217399999999998)",Landslide,Creep,Medium,Downpour,,,0
3526,5/22/11,Farmington,3.12368,,41.0033,-111.8657,"(41.003300000000003, -111.8657)",Landslide,Mudslide,Small,Downpour,,,0
3527,5/22/11,Beaver,14.71664,,38.2717,-112.473,"(38.271700000000003, -112.473)",Landslide,Complex,Small,Downpour,,,0
3528,5/22/11,Grantsville,30.28399,,40.3398,-112.5716,"(40.339799999999997, -112.5716)",Landslide,Mudslide,Small,Downpour,,,0
3529,5/22/11,Centerville,4.54095,,40.9108,-111.8191,"(40.910800000000002, -111.81910000000001)",Landslide,Landslide,Small,Downpour,,,0
3531,5/23/11,Arnold,3.0244,,40.5813,-79.8024,"(40.581299999999999, -79.802400000000006)",Landslide,Landslide,Small,Downpour,,,0
3537,5/25/11,Sioux City,4.3821,,42.5337,-96.3726,"(42.533700000000003, -96.372600000000006)",Landslide,Mudslide,Small,Downpour,Two inches since Midnight,,0
3538,5/25/11,Ann Arbor,1.89658,,42.2939,-83.7342,"(42.293900000000001, -83.734200000000001)",Landslide,Mudslide,Small,Downpour,,,0
3548,5/27/11,Lake Placid,11.70793,,44.3666,-73.8973,"(44.366599999999998, -73.897300000000001)",Landslide,Landslide,Small,Downpour,,,0
3550,5/28/11,Alton,1.71596,Bluff,38.8994,-90.2006,"(38.8994, -90.200599999999994)",Landslide,Mudslide,Medium,Downpour,,,0
3551,5/29/11,Barre,0.65528,,44.1921,-72.4975,"(44.192100000000003, -72.497500000000002)",Landslide,Landslide,Small,Downpour,,,0
3553,5/30/11,Wolf Creek,8.65312,,41.2554,-111.8305,"(41.255400000000002, -111.8305)",Landslide,Landslide,Small,Rain,,,0
3554,5/30/11,Sundance,7.07507,,44.4648,-104.4111,"(44.464799999999997, -104.4111)",Landslide,Mudslide,Small,Unknown,,,0
3555,5/30/11,Barre,1.15359,,44.19,-72.4914,"(44.19, -72.491399999999999)",Landslide,Mudslide,Small,Downpour,,,0
3563,06/02/2011,Jacmel,0.19079,,18.2348,-72.5364,"(18.2348, -72.5364)",Landslide,Landslide,Small,Downpour,,,0
3564,06/02/2011,Hinche,7.86436,,19.2088,-71.9747,"(19.2088, -71.974699999999999)",Landslide,Landslide,Medium,Downpour,,,1
3569,06/03/2011,San José de Las Matas,2.72462,,19.3556,-70.9189,"(19.355599999999999, -70.918899999999994)",Landslide,Landslide,Medium,Downpour,,,1
3572,06/05/2011,El Ángel,28.29459,,0.8479,-78.0609,"(0.84789999999999999, -78.060900000000004)",Landslide,Landslide,Medium,Downpour,,,0
3573,06/05/2011,Keystone,5.82093,,39.5676,-105.9334,"(39.567599999999999, -105.93340000000001)",Landslide,Mudslide,Medium,Rain,,,0
3574,06/06/2011,Santa Rosa del Sur,26.89879,,7.7895,-74.2239,"(7.7895000000000003, -74.2239)",Landslide,Landslide,Medium,Downpour,,,2
3576,06/07/2011,Pétionville,0.11071,,18.5135,-72.2853,"(18.513500000000001, -72.285300000000007)",Landslide,Landslide,Large,Downpour,,,13
3599,06/11/2011,Dayton,1.06742,,39.1186,-84.4826,"(39.118600000000001, -84.482600000000005)",Landslide,Mudslide,Medium,Rain,,,0
3600,06/11/2011,Keokuk,2.92601,,40.3722,-91.3955,"(40.372199999999999, -91.395499999999998)",Landslide,Mudslide,Medium,Downpour,,,
3604,06/12/2011,Windsor,7.93844,,39.9376,-76.4958,"(39.937600000000003, -76.495800000000003)",Landslide,Mudslide,Small,Downpour,,,0
3625,6/18/11,Eau Claire,4.98787,,44.7665,-91.496,"(44.766500000000001, -91.495999999999995)",Landslide,Mudslide,Small,Downpour,,,0
3635,6/20/11,Southport,2.61312,,39.6416,-86.1251,"(39.641599999999997, -86.125100000000003)",Landslide,Mudslide,Small,Downpour,,,0
3636,6/20/11,Harrogate,3.07236,,36.6015,-83.6816,"(36.601500000000001, -83.681600000000003)",Landslide,Mudslide,Medium,Downpour,,,0
3639,6/22/11,La Jarretadera,21.8006,,21.9814,-104.8381,"(21.981400000000001, -104.8381)",Landslide,Landslide,Medium,Tropical cyclone,Hurricane Beatriz,,0
3640,6/22/11,Stanton,5.95618,,37.8107,-83.8069,"(37.810699999999997, -83.806899999999999)",Landslide,Mudslide,Medium,Rain,,,0
3661,6/27/11,Georgetown,11.46832,,39.7956,-105.7643,"(39.7956, -105.76430000000001)",Landslide,Landslide,Medium,Rain,,,0
3684,07/01/2011,Xalapa de Enríquez,1.27837,,19.5426,-96.9137,"(19.5426, -96.913700000000006)",Landslide,Mudslide,Medium,Tropical cyclone,Tropical Storm Arlene,,0
3719,07/03/2011,Burlington,3.77076,,38.9941,-84.7316,"(38.994100000000003, -84.7316)",Landslide,Landslide,Large,Downpour,,,0
3720,07/03/2011,Batavia,1.91217,,39.0928,-84.1857,"(39.092799999999997, -84.185699999999997)",Landslide,Landslide,Large,Downpour,,,0
3721,07/03/2011,Newport,1.90865,,39.1031,-84.512,"(39.103099999999998, -84.512)",Landslide,Landslide,Large,Downpour,,,0
3722,07/03/2011,El Consejo,14.28266,,10.3606,-67.3097,"(10.3606, -67.309700000000007)",Landslide,Landslide,Medium,Rain,,,0
3723,07/03/2011,Santo Domingo,19.81345,,8.6815,-70.7016,"(8.6814999999999998, -70.701599999999999)",Landslide,Landslide,Medium,Rain,,,0
3728,07/04/2011,Homestead,2.97852,,40.4248,-79.9369,"(40.424799999999998, -79.936899999999994)",Landslide,Landslide,Small,Rain,,,0
3729,07/04/2011,Aspen,0.21641,,39.1904,-106.8152,"(39.190399999999997, -106.8152)",Landslide,Mudslide,Small,Rain,,,0
3732,07/05/2011,Plum,7.45648,,40.5243,-79.6673,"(40.524299999999997, -79.667299999999997)",Landslide,Mudslide,Small,Rain,,,0
3733,07/05/2011,Highland,9.18061,,40.4538,-111.6621,"(40.453800000000001, -111.6621)",Landslide,Landslide,Medium,Downpour,,,0
3736,07/06/2011,Santo Domingo,0.55721,,18.5,-69.9833,"(18.5, -69.9833)",Landslide,Landslide,Medium,Downpour,,,1
3743,07/07/2011,Silverthorne,2.66276,,39.631,-106.0433,"(39.631, -106.0433)",Landslide,Landslide,Small,Rain,,,0
3744,07/07/2011,Sheridan,6.32702,,44.7448,-106.9249,"(44.744799999999998, -106.92489999999999)",Landslide,Landslide,Medium,Rain,,,0
3755,07/09/2011,Sheridan,0.00178,,44.7972,-106.9562,"(44.797199999999997, -106.9562)",Landslide,Landslide,Medium,Rain,,,0
3758,07/10/2011,Sierra Vista,12.28777,,31.4891,-110.4081,"(31.489100000000001, -110.4081)",Landslide,Debris flow,Medium,Downpour,,,0
3761,07/11/2011,Sierra Vista,9.92245,,31.4733,-110.3475,"(31.473299999999998, -110.3475)",Landslide,Landslide,Large,Downpour,,,0
3762,07/12/2011,Upala,0.70048,,10.8916,-85.0141,"(10.8916, -85.014099999999999)",Landslide,Landslide,Medium,Downpour,,,0
3765,07/12/2011,Paonia,7.50275,,38.9249,-107.5447,"(38.924900000000001, -107.54470000000001)",Landslide,Mudslide,Small,Downpour,,,0
3766,07/12/2011,Paonia,0.01994,,38.8685,-107.592,"(38.868499999999997, -107.592)",Landslide,Mudslide,Small,Downpour,,,0
3767,07/12/2011,Eagar,52.11489,,33.6423,-109.3279,"(33.642299999999999, -109.3279)",Landslide,Mudslide,Medium,Rain,,,0
3771,7/13/11,Boulder,9.47622,,40.0505,-105.3715,"(40.0505, -105.3715)",Landslide,Debris flow,Medium,Downpour,,,0
3774,7/14/11,Boulder,10.4223,,40.0018,-105.3914,"(40.001800000000003, -105.3914)",Landslide,Rockfall,Medium,Downpour,,,0
3784,7/15/11,Sierra Vista Southeast,12.52763,,31.3456,-110.2541,"(31.345600000000001, -110.25409999999999)",Landslide,Debris flow,Medium,Rain,,,0
3795,7/17/11,Salina Cruz,0.7834,,16.1863,-95.1924,"(16.186299999999999, -95.192400000000006)",Landslide,Mudslide,Medium,Downpour,,,0
3796,7/17/11,San José Chiltepec,0.28905,,17.9484,-96.1674,"(17.948399999999999, -96.167400000000001)",Landslide,Mudslide,Medium,Downpour,,,0
3797,7/17/11,Paso Real de Sarabia,9.56829,,17,-95,"(17, -95)",Landslide,Mudslide,Medium,Downpour,,,2
3799,7/18/11,Mountain Village,1.82803,,37.9478,-107.8548,"(37.947800000000001, -107.8548)",Landslide,Landslide,Small,Rain,,,0
3800,7/18/11,Glenwood Springs,5.78301,,39.5015,-107.3021,"(39.5015, -107.3021)",Landslide,Mudslide,Small,Rain,,,0
3801,7/18/11,Homestead,2.96418,,40.4243,-79.9373,"(40.424300000000002, -79.937299999999993)",Landslide,Mudslide,Medium,Downpour,,,0
3802,7/18/11,New California,5.63505,,40.1793,-83.1777,"(40.179299999999998, -83.177700000000002)",Landslide,Mudslide,Medium,Rain,,,0
3811,7/19/11,Campton,12.29943,,37.775,-83.6772,"(37.774999999999999, -83.677199999999999)",Landslide,Landslide,Small,Downpour,,,0
3812,7/19/11,Avon,2.35855,,39.6492,-106.5372,"(39.6492, -106.5372)",Landslide,Landslide,Small,Rain,,,0
3825,7/21/11,Williston,3.75018,,29.3879,-82.4854,"(29.387899999999998, -82.485399999999998)",Landslide,Landslide,Medium,Rain,,,0
3826,7/21/11,Hazard,8.30475,,37.2101,-83.1137,"(37.210099999999997, -83.113699999999994)",Landslide,Landslide,Medium,Downpour,,,0
3832,7/22/11,Nueva Libertad,7.93996,,16.1514,-92.7704,"(16.151399999999999, -92.770399999999995)",Landslide,Landslide,Medium,Tropical cyclone,Hurricane Dora,,0
3833,7/22/11,Colima,0.36051,,19.2444,-103.7244,"(19.244399999999999, -103.7244)",Landslide,Landslide,Medium,Tropical cyclone,Hurricane Dora,,0
3834,7/22/11,Chilpancingo de los Bravos,6.8095,,17.4974,-99.538,"(17.497399999999999, -99.537999999999997)",Landslide,Landslide,Medium,Tropical cyclone,Hurricane Dora,,0
3835,7/22/11,Jarácuaro,3.36905,,19.5805,-101.7023,"(19.580500000000001, -101.70229999999999)",Landslide,Landslide,Medium,Tropical cyclone,Hurricane Dora,,0
3836,7/22/11,Puga,19.41353,,21.7595,-104.8334,"(21.759499999999999, -104.8334)",Landslide,Landslide,Medium,Tropical cyclone,Hurricane Dora,,0
3842,7/25/11,San Luis,25.38161,,37.4288,-105.447,"(37.428800000000003, -105.447)",Landslide,Landslide,Small,Rain,,,0
3852,7/27/11,Hurley,17.95414,,32.6209,-107.9645,"(32.620899999999999, -107.9645)",Landslide,Debris flow,Small,Downpour,,,0
3865,7/30/11,El Jebel,4.90954,,39.4274,-107.1291,"(39.427399999999999, -107.12909999999999)",Landslide,Mudslide,Small,Rain,,,0
3866,7/30/11,Glenwood Springs,10.57117,,39.4977,-107.2225,"(39.497700000000002, -107.2225)",Landslide,Mudslide,Small,Rain,,,0
3867,7/30/11,Rifle,1.11647,,39.5256,-107.7776,"(39.525599999999997, -107.77760000000001)",Landslide,Mudslide,Small,Rain,,,0
3870,08/01/2011,Wellsboro,0.17013,,41.7497,-77.299,"(41.749699999999997, -77.299000000000007)",Landslide,Mudslide,Small,Rain,,,0
3878,08/03/2011,Silverton,0.01766,,37.8121,-107.6645,"(37.812100000000001, -107.6645)",Landslide,Mudslide,Medium,Rain,,,0
3883,08/05/2011,Gatlinburg,1.01331,,35.7108,-83.4998,"(35.710799999999999, -83.499799999999993)",Landslide,Landslide,Small,Downpour,,,0
3901,08/08/2011,Columbia,0.72461,,35.6216,-87.0355,"(35.621600000000001, -87.035499999999999)",Landslide,Mudslide,Medium,Rain,,,0
3911,08/11/2011,Imperial,7.26376,,40.498,-80.302,"(40.497999999999998, -80.302000000000007)",Landslide,Landslide,Small,Rain,,,0
3926,8/15/11,Highland Lake,5.27337,,41.1838,-74.5187,"(41.183799999999998, -74.518699999999995)",Landslide,Landslide,Small,Downpour,,,0
3957,09/01/2011,Hamilton,1.54715,,32.2815,-64.7785,"(32.281500000000001, -64.778499999999994)",Landslide,Landslide,Small,Rain,,,0
3960,09/01/2011,Inwood,1.91324,,40.8826,-73.9227,"(40.882599999999996, -73.922700000000006)",Landslide,Mudslide,Small,Rain,,,0
3966,09/08/2011,Belvidere,0.07578,,40.8305,-75.0776,"(40.830500000000001, -75.077600000000004)",Landslide,Mudslide,Small,Rain,,,0
3967,09/08/2011,Warren Township,3.64818,,40.6383,-74.5007,"(40.638300000000001, -74.500699999999995)",Landslide,Landslide,Medium,Rain,,,0
3981,9/20/11,Barillas,0.45507,,15.8076,-91.3148,"(15.807600000000001, -91.314800000000005)",Landslide,Landslide,Large,Rain,,,15
3985,9/25/11,San Isidro,21.67452,,9.251,-83.8591,"(9.2509999999999994, -83.859099999999998)",Landslide,Landslide,Medium,Downpour,,,0
3988,9/26/11,Tegucigalpa,1.23639,,14.0865,-87.2172,"(14.086499999999999, -87.217200000000005)",Landslide,Landslide,Medium,Downpour,,,2
3993,9/27/11,Medellín,1.73101,,6.2433,-75.5767,"(6.2432999999999996, -75.576700000000002)",Landslide,Landslide,Medium,Downpour,,,6
4005,10/07/2011,Buenaventura,20.25692,,3.8581,-76.8501,"(3.8580999999999999, -76.850099999999998)",Landslide,Landslide,Large,Downpour,,,3
4006,10/08/2011,Cedar City,7.5224,,37.6536,-112.9821,"(37.653599999999997, -112.9821)",Landslide,Landslide,Large,Rain,,0,0
4008,10/10/2011,Apopa,3.01739,,13.7874,-89.16,"(13.7874, -89.16)",Landslide,Landslide,Very_large,Downpour,,,32
4009,10/12/2011,Cihuatlán,0.08269,,19.2372,-104.5656,"(19.237200000000001, -104.5656)",Landslide,Landslide,Medium,Downpour,,,2
4014,10/15/11,Ciudad Bolívar,24.48479,,5.92,-76.2363,"(5.92, -76.2363)",Landslide,Landslide,Medium,Downpour,,,5
4029,10/25/11,Laventille,0.38521,,10.6487,-61.4954,"(10.6487, -61.495399999999997)",Landslide,Landslide,Medium,Downpour,,,0
4031,10/31/11,Cot,9.63616,Natural slope,9.9792,-83.8525,"(9.9792000000000005, -83.852500000000006)",Landslide,Landslide,Medium,Downpour,,,0
4032,10/31/11,Petit Valley,11.75674,,10.7539,-61.4407,"(10.7539, -61.4407)",Landslide,Landslide,Medium,Downpour,,,0
4036,11/04/2011,Calarcá,1.35196,,4.5374,-75.6502,"(4.5373999999999999, -75.650199999999998)",Landslide,Landslide,Large,Downpour,,,4
4037,11/04/2011,Manizales,0.64094,,5.0742,-75.5197,"(5.0742000000000003, -75.5197)",Landslide,Landslide,Very_large,Downpour,,,48
4049,11/17/11,Cajamarca,8.56086,,4.4183,-75.5003,"(4.4183000000000003, -75.500299999999996)",Landslide,Mudslide,Medium,Downpour,,,0
4051,11/18/11,Constanza,0.52969,,18.9045,-70.744,"(18.904499999999999, -70.744)",Landslide,Mudslide,Medium,Downpour,,,0
4057,11/22/11,Kutztown,0.74333,,40.5238,-75.7796,"(40.523800000000001, -75.779600000000002)",Landslide,Landslide,Medium,Rain,,,0
4064,11/24/11,Cajamarca,7.87303,,4.4376,-75.4976,"(4.4375999999999998, -75.497600000000006)",Landslide,Landslide,Medium,Downpour,,,0
4071,11/29/11,Funza,9.23778,,4.678,-74.138,"(4.6779999999999999, -74.138000000000005)",Landslide,Landslide,Medium,Downpour,,,3
4072,11/30/11,Scottsboro,0.64281,,34.6781,-86.0343,"(34.678100000000001, -86.034300000000002)",Landslide,Landslide,Medium,Downpour,,,0
4075,12/02/2011,Carmen de Apicalá,9.65157,,4.1798,-74.8008,"(4.1798000000000002, -74.800799999999995)",Landslide,Mudslide,Very_large,Downpour,,,7
4077,12/02/2011,"Peñal,",4.21321,,10.1359,-61.444,"(10.135899999999999, -61.444000000000003)",Landslide,Mudslide,Small,Downpour,,,0
4078,12/02/2011,Point Fortin,22.47289,,10.0876,-61.8642,"(10.0876, -61.864199999999997)",Landslide,Mudslide,Small,Downpour,,,0
4079,12/02/2011,Tabaquite,8.55164,,10.4089,-61.3723,"(10.408899999999999, -61.372300000000003)",Landslide,Mudslide,Small,Downpour,,,0
4080,12/02/2011,Petit Valley,5.73985,,10.7142,-61.5838,"(10.7142, -61.583799999999997)",Landslide,Mudslide,Small,Downpour,,,0
4081,12/02/2011,Sangre Grande,2.00931,,10.5896,-61.1339,"(10.589600000000001, -61.133899999999997)",Landslide,Mudslide,Small,Downpour,,,0
4082,12/02/2011,Tabaquite,0.61975,,10.3828,-61.2984,"(10.3828, -61.298400000000001)",Landslide,Mudslide,Small,Downpour,,,0
4083,12/02/2011,Arima,13.34116,,10.5133,-61.2714,"(10.513299999999999, -61.2714)",Landslide,Mudslide,Small,Downpour,,,0
4085,12/04/2011,Sangre Grande,30.29383,,10.8313,-60.9991,"(10.831300000000001, -60.999099999999999)",Landslide,Mudslide,Medium,Downpour,,,1
4087,12/06/2011,Caracas,2.55507,,10.4919,-66.9022,"(10.491899999999999, -66.902199999999993)",Landslide,Landslide,Very_large,Downpour,,,2
4088,12/07/2011,Los Santos,12.61362,,7.2022,-72.9835,"(7.2022000000000004, -72.983500000000006)",Landslide,Mudslide,Medium,Downpour,,,2
4089,12/08/2011,Soacha,5.1765,,4.6176,-74.1899,"(4.6176000000000004, -74.189899999999994)",Landslide,Mudslide,Medium,Downpour,,,6
4091,12/13/11,La Cruz,0.64469,,1.6056,-76.9742,"(1.6055999999999999, -76.974199999999996)",Landslide,Landslide,Medium,Downpour,,,1
4094,12/15/11,Norcasia,16.94642,,5.4958,-75.0144,"(5.4958, -75.014399999999995)",Landslide,Landslide,Large,Downpour,,,5
4095,12/15/11,San Lorenzo,0.37809,,1.507,-77.2223,"(1.5069999999999999, -77.222300000000004)",Landslide,Landslide,Large,Downpour,,,9
4096,12/16/11,Santa Marta,0.79694,,11.2475,-74.2017,"(11.2475, -74.201700000000002)",Landslide,Landslide,Large,Downpour,,,1
4097,12/16/11,Aranzazu,2.53047,,5.2505,-75.5001,"(5.2504999999999997, -75.500100000000003)",Landslide,Landslide,Large,Downpour,,,9
4104,12/23/11,Dos Quebradas,0.74201,,4.8349,-75.6621,"(4.8349000000000002, -75.662099999999995)",Landslide,Landslide,Medium,Downpour,,,0
4105,12/23/11,Emsworth,0.79265,,40.5172,-80.0941,"(40.517200000000003, -80.094099999999997)",Landslide,Landslide,Small,Downpour,,,0
4106,12/23/11,Dayton,1.43697,,39.1251,-84.4674,"(39.125100000000003, -84.467399999999998)",Landslide,Landslide,Small,Downpour,,,0
4108,12/25/11,Paradise,16.73194,,10.7901,-61.2984,"(10.790100000000001, -61.298400000000001)",Landslide,Landslide,Large,Downpour,,,0
4121,12/30/11,Envigado,2.07081,Unknown,5.5139,-75.0138,"(5.5138999999999996, -75.013800000000003)",Landslide,Landslide,Medium,Downpour,,1,3
4136,01/09/2012,Dayton,1.52592,,39.125,-84.4645,"(39.125, -84.464500000000001)",Landslide,Mudslide,Small,Continuous rain,,,0
4138,01/11/2012,Pittsburgh,1.87265,,40.4376,-80.0176,"(40.437600000000003, -80.017600000000002)",Landslide,Landslide,Small,Rain,,,0
4174,1/27/12,Ludlow,1.31411,,39.0979,-84.561,"(39.097900000000003, -84.561000000000007)",Landslide,Mudslide,Small,Rain,,,0
4175,1/27/12,Homestead,2.19916,,40.4257,-79.9113,"(40.425699999999999, -79.911299999999997)",Landslide,Mudslide,Small,Rain,,,0
4200,2/15/12,Tauca,6.77672,,-8.5348,-78.0834,"(-8.5348000000000006, -78.083399999999997)",Landslide,Mudslide,Medium,Downpour,,,3
4239,03/02/2012,Chapmanville,13.52866,,38.045,-82.1423,"(38.045000000000002, -82.142300000000006)",Landslide,Mudslide,Small,Rain,,,0
4249,03/08/2012,Richmond,9.87331,,37.7922,-84.3918,"(37.792200000000001, -84.391800000000003)",Landslide,Mudslide,Small,Downpour,,,0
4252,03/09/2012,Jacksboro,13.157,,36.4174,-84.283,"(36.417400000000001, -84.283000000000001)",Landslide,Landslide,Medium,Unknown,,,0
4256,3/13/12,Chone,19.85816,,-0.7416,-79.9205,"(-0.74160000000000004, -79.920500000000004)",Landslide,Landslide,Large,Downpour,,,20
4263,3/15/12,Cheviot,4.2179,,39.1581,-84.5645,"(39.158099999999997, -84.564499999999995)",Landslide,Mudslide,Small,Rain,,,0
4266,3/15/12,Loyall,10.22349,,36.8871,-83.4601,"(36.887099999999997, -83.460099999999997)",Landslide,Landslide,Small,Downpour,,,0
4282,3/22/12,Roeland Park,2.32126,,39.0545,-94.6478,"(39.054499999999997, -94.647800000000004)",Landslide,Mudslide,Small,Downpour,,,0
4283,3/24/12,Tosagua,7.67919,,-0.7668,-80.3008,"(-0.76680000000000004, -80.300799999999995)",Landslide,Mudslide,Medium,Downpour,,,0
4289,3/30/12,Pétionville,1.33931,,18.5044,-72.2947,"(18.5044, -72.294700000000006)",Landslide,Landslide,Medium,Downpour,,,6
4296,3/30/12,Boonville,9.9518,,43.3982,-75.3733,"(43.398200000000003, -75.3733)",Landslide,Landslide,Medium,Downpour,,,
4312,04/08/2012,Limbé,0.03471,,19.7041,-72.4006,"(19.7041, -72.400599999999997)",Landslide,Landslide,Medium,Downpour,,,2
4320,04/12/2012,Amalfi,11.11685,,6.98,-75.15,"(6.98, -75.150000000000006)",Landslide,Landslide,Large,Downpour,,,3
4327,4/18/12,Roxborough,5.62092,,11.2181,-60.6234,"(11.2181, -60.623399999999997)",Landslide,Landslide,Medium,Downpour,,,
4328,4/18/12,Scarborough,3.48176,,11.1807,-60.7651,"(11.1807, -60.765099999999997)",Landslide,Landslide,Medium,Downpour,,,
4332,4/22/12,Florencia,15.42607,,1.7519,-75.5829,"(1.7519, -75.582899999999995)",Landslide,Landslide,Medium,Downpour,,,4
4344,05/01/2012,Dayton,2.40444,,39.1229,-84.4481,"(39.122900000000001, -84.448099999999997)",Landslide,Landslide,Medium,Downpour,,,
4351,05/05/2012,Fayetteville,8.06254,,37.9928,-81.0524,"(37.992800000000003, -81.052400000000006)",Landslide,Landslide,Medium,Downpour,,,
4353,05/06/2012,Bellevue,1.30932,,39.1106,-84.493,"(39.110599999999998, -84.492999999999995)",Landslide,Landslide,Medium,Downpour,,,
4354,05/06/2012,Youngstown,2.51579,,41.0974,-80.6793,"(41.0974, -80.679299999999998)",Landslide,Landslide,Medium,Downpour,,,
4358,5/13/12,Santo Domingo,21.9547,,10.1981,-84.0074,"(10.1981, -84.007400000000004)",Landslide,Landslide,Medium,Downpour,,,
4361,5/15/12,Chajul,7.39906,,15.5238,-90.9778,"(15.5238, -90.977800000000002)",Landslide,Landslide,Medium,Downpour,,,1
4364,5/24/12,Arden Hills,0.13052,,45.0514,-93.1569,"(45.051400000000001, -93.156899999999993)",Landslide,Mudslide,Medium,Downpour,,,
4374,5/30/12,Paradise,13.759,,10.7692,-61.4078,"(10.7692, -61.407800000000002)",Landslide,Landslide,Large,Downpour,,,
4375,5/31/12,Tilarán,12.33807,,10.5562,-84.8952,"(10.5562, -84.895200000000003)",Landslide,Landslide,Large,Downpour,,,
4410,6/14/12,Siquirres,5.365,,10.1014,-83.4578,"(10.1014, -83.457800000000006)",Landslide,Landslide,Medium,Downpour,,,
4412,6/15/12,Oaxaca,3.64682,,17.0854,-96.75,"(17.0854, -96.75)",Landslide,Mudslide,Medium,Downpour,,,3
4450,07/06/2012,Laporte,15.65712,,40.6862,-105.3054,"(40.686199999999999, -105.30540000000001)",Landslide,Landslide,Medium,Rain,,,
4455,07/09/2012,Leadville North,13.02782,,39.3745,-106.3146,"(39.374499999999998, -106.3146)",Landslide,Landslide,Medium,Downpour,,,
4456,07/09/2012,Cascade-Chipita Park,5.78163,,38.8971,-104.9722,"(38.897100000000002, -104.9722)",Landslide,Mudslide,Medium,Downpour,,,
4470,08/12/2012,Cody,72.6468,,44.5259,-109.9704,"(44.5259, -109.9704)",Landslide,Mudslide,Medium,Downpour,,,
4474,8/14/12,Jasper,5.06464,,35.9631,-93.1774,"(35.963099999999997, -93.177400000000006)",Landslide,Landslide,Medium,Downpour,,,
4491,8/17/12,Yucaipa,12.93443,,34.0884,-116.9194,"(34.0884, -116.9194)",Landslide,Mudslide,Medium,Downpour,,,
4510,8/23/12,Petit Valley,6.39375,,10.6906,-61.591,"(10.6906, -61.591000000000001)",Landslide,Landslide,Medium,Tropical cyclone,Tropical Storm Isaac,,
4511,8/23/12,Petit Valley,4.64073,,10.6884,-61.5741,"(10.6884, -61.574100000000001)",Landslide,Landslide,Medium,Downpour,,,
4512,8/23/12,Phoenix,3.36522,,33.4383,-112.0399,"(33.438299999999998, -112.0399)",Landslide,Mudslide,Medium,Downpour,,,
4518,8/27/12,Manchioneal,4.13454,,18.0761,-76.2914,"(18.0761, -76.291399999999996)",Landslide,Landslide,Medium,Downpour,,,
4529,09/01/2012,Saratoga Springs,2.02291,,40.3309,-111.9045,"(40.3309, -111.9045)",Landslide,Mudslide,Medium,Downpour,,,
4531,09/02/2012,Fairview,21.80213,,39.5828,-111.1921,"(39.582799999999999, -111.1921)",Landslide,Debris flow,Medium,Downpour,,,
4532,09/02/2012,Fairview,22.92807,,39.572,-111.1821,"(39.572000000000003, -111.18210000000001)",Landslide,Debris flow,Medium,Downpour,,,
4533,09/02/2012,Fairview,23.82853,,39.561,-111.1754,"(39.561, -111.1754)",Landslide,Debris flow,Medium,Downpour,,,
4534,09/02/2012,Mount Pleasant,24.64059,,39.5479,-111.1688,"(39.547899999999998, -111.1688)",Landslide,Debris flow,Medium,Downpour,,,
4543,09/07/2012,Petit Valley,1.84331,,10.6943,-61.5175,"(10.6943, -61.517499999999998)",Landslide,Mudslide,Medium,Downpour,,,
4558,9/16/12,Port-of-Spain,2.54016,,10.6771,-61.4982,"(10.677099999999999, -61.498199999999997)",Landslide,Landslide,Medium,Downpour,,,
4568,9/18/12,East Ridge,1.24635,,35.0203,-85.2634,"(35.020299999999999, -85.263400000000004)",Landslide,Landslide,Medium,Downpour,,,
4575,9/27/12,Laporte,18.34452,,40.5733,-105.343,"(40.573300000000003, -105.343)",Landslide,Landslide,Medium,Downpour,,,
4576,9/27/12,Estes Park,37.11379,,40.7067,-105.5951,"(40.706699999999998, -105.5951)",Landslide,Landslide,Medium,Downpour,,,
4583,10/07/2012,San Agustín,6.84683,,1.8702,-76.2146,"(1.8702000000000001, -76.214600000000004)",Landslide,Landslide,Large,Downpour,,,10
4588,10/17/12,Yuracyacu,8.89799,,-6.0082,-77.2506,"(-6.0082000000000004, -77.250600000000006)",Landslide,Landslide,Large,Downpour,,,13
4593,10/23/12,Daniel Flores,4.89954,,9.363,-83.6344,"(9.3629999999999995, -83.634399999999999)",Landslide,Landslide,Medium,Tropical cyclone,Tropical Storm Sandy,,
4599,10/30/12,Woodstock,14.34429,,44.1009,-71.6322,"(44.100900000000003, -71.632199999999997)",Landslide,Landslide,Medium,Tropical cyclone,Hurricane Sandy,,1
4600,10/30/12,West Mifflin,0.14473,,40.3647,-79.8666,"(40.364699999999999, -79.866600000000005)",Landslide,Landslide,Medium,Tropical cyclone,Hurricane Sandy,,
4604,11/01/2012,Brackenridge,2.08818,,40.6268,-79.7383,"(40.626800000000003, -79.738299999999995)",Landslide,Landslide,Medium,Rain,,,
4606,11/02/2012,Pittsburgh,3.07837,,40.4479,-80.0309,"(40.447899999999997, -80.030900000000003)",Landslide,Landslide,Medium,Tropical cyclone,Hurricane Sandy,,
4613,11/14/12,Lake Lure,4.23278,,35.4401,-82.249,"(35.440100000000001, -82.248999999999995)",Landslide,Landslide,Medium,Rain,,,
4632,11/25/12,Colón,0.16894,,9.36,-79.9001,"(9.36, -79.900099999999995)",Landslide,Landslide,Medium,Rain,,,2
4634,11/27/12,Moore Town,3.1793,,18.1041,-76.414,"(18.104099999999999, -76.414000000000001)",Landslide,Landslide,Medium,Rain,,,
4637,11/28/12,San Calixto,11.19714,,8.4683,-73.2843,"(8.4682999999999993, -73.284300000000002)",Landslide,Landslide,Large,Rain,,,
4647,12/02/2012,McCall,41.54001,,45.2462,-116.3322,"(45.246200000000002, -116.3322)",Landslide,Landslide,Medium,Rain,,,
4655,12/05/2012,Puerto Plata,1.19636,,19.7827,-70.6871,"(19.782699999999998, -70.687100000000001)",Landslide,Landslide,Medium,Rain,,,
4672,12/21/12,Pittsburgh,1.33115,,40.4324,-80.0073,"(40.432400000000001, -80.007300000000001)",Landslide,Landslide,Medium,Rain,,,
4678,12/25/12,Roxborough,7.87263,,11.2027,-60.6372,"(11.2027, -60.6372)",Landslide,Landslide,Medium,Rain,,,
4679,12/25/12,Roxborough,7.47816,,11.3176,-60.5841,"(11.317600000000001, -60.584099999999999)",Landslide,Landslide,Medium,Rain,,,
4680,12/25/12,Roxborough,8.24676,,11.3169,-60.55,"(11.3169, -60.55)",Landslide,Landslide,Medium,Rain,,,
4688,12/29/12,Gigante,0.93184,Above road,2.7664,-75.0741,"(2.7664, -75.074100000000001)",Landslide,Landslide,Medium,Mining digging,,7,5
4710,1/13/13,Guelph,12.17933,,43.6187,-80.1432,"(43.618699999999997, -80.143199999999993)",Landslide,Mudslide,Medium,Rain,,,
4711,1/13/13,Mount Vernon,1.23577,,38.0145,-84.4953,"(38.014499999999998, -84.4953)",Landslide,Landslide,Medium,Rain,,,
4712,1/14/13,Lexington,2.4114,,37.9745,-84.4985,"(37.974499999999999, -84.498500000000007)",Landslide,Landslide,Medium,Rain,,,
4714,1/15/13,Mars Hill,0.0455,,35.8269,-82.5494,"(35.826900000000002, -82.549400000000006)",Landslide,Mudslide,Medium,Rain,,,
4715,1/15/13,Maggie Valley,5.63904,,35.519,-83.1598,"(35.518999999999998, -83.159800000000004)",Landslide,Mudslide,Medium,Rain,,,
4716,1/15/13,Knoxville,5.53703,,35.9205,-83.9572,"(35.920499999999997, -83.9572)",Landslide,Landslide,Medium,Rain,,,
4717,1/16/13,Cherokee,13.86023,,35.5898,-83.373,"(35.589799999999997, -83.373000000000005)",Landslide,Landslide,Medium,Rain,,,
4719,1/16/13,Monmouth Beach,0.09035,,40.3312,-73.9816,"(40.331200000000003, -73.9816)",Landslide,Landslide,Medium,Downpour,,,
4720,1/16/13,Woodfin,4.29814,,35.6706,-82.5955,"(35.6706, -82.595500000000001)",Landslide,Landslide,Medium,Rain,,,
4721,1/16/13,Jellico,13.77073,,36.5539,-83.9789,"(36.553899999999999, -83.978899999999996)",Landslide,Mudslide,Medium,Rain,,,
4723,1/17/13,Robbinsville,20.45203,,35.3368,-84.0317,"(35.336799999999997, -84.031700000000001)",Landslide,Landslide,Large,Rain,,,
4724,1/17/13,Pittsburgh,2.64611,,40.4239,-80.0181,"(40.423900000000003, -80.018100000000004)",Landslide,Mudslide,Medium,Rain,,,
4725,1/18/13,Maggie Valley,1.07913,,35.5278,-83.0992,"(35.527799999999999, -83.099199999999996)",Landslide,Mudslide,Medium,Rain,,,
4730,1/24/13,Balao,16.34404,,-2.9591,-79.6754,"(-2.9590999999999998, -79.675399999999996)",Landslide,Landslide,Large,Rain,,17,10
4742,1/30/13,Hindman,1.63625,,37.345,-82.995,"(37.344999999999999, -82.995000000000005)",Landslide,Landslide,Medium,Rain,,,
4760,2/20/13,LeChee,31.6121,Above road,36.6468,-111.633,"(36.646799999999999, -111.633)",Landslide,Landslide,Medium,Unknown,,,
4771,03/12/2013,West Easton,1.78114,Other,40.6634,-75.231,"(40.663400000000003, -75.230999999999995)",Landslide,Landslide,Medium,Downpour,,,0
4776,3/18/13,Nicholasville,11.48269,,37.8868,-84.4427,"(37.886800000000001, -84.442700000000002)",Landslide,Landslide,Medium,Rain,,,
4789,3/28/13,Santana,0.1702,,-0.0568,-51.1818,"(-0.056800000000000003, -51.181800000000003)",Landslide,Landslide,Medium,Other,,,6
4802,04/10/2013,Herriman,9.5519,,40.5366,-112.1418,"(40.5366, -112.1418)",Landslide,Landslide,Very_large,Mining digging,,,0
4804,4/15/13,Murrysville,4.82123,,40.469,-79.6774,"(40.469000000000001, -79.677400000000006)",Landslide,Landslide,Medium,Downpour,,,0
4805,4/17/13,Pikeville,3.38725,,37.4996,-82.4902,"(37.499600000000001, -82.490200000000002)",Landslide,Landslide,Medium,Rain,,,
4806,4/17/13,Iowa City,1.40658,,41.6737,-91.5322,"(41.673699999999997, -91.532200000000003)",Landslide,Mudslide,Medium,Rain,,,
4807,4/17/13,Loyall,1.40599,,36.8529,-83.3698,"(36.852899999999998, -83.369799999999998)",Landslide,Landslide,Medium,Rain,,,
4809,4/17/13,Harlan,0.94084,,36.8502,-83.316,"(36.850200000000001, -83.316000000000003)",Landslide,Landslide,Medium,Rain,,,
4810,4/18/13,Granville,2.1294,,41.2581,-89.2025,"(41.258099999999999, -89.202500000000001)",Landslide,Mudslide,Medium,Rain,,,
4811,4/18/13,East Peoria,2.39991,Urban area,40.6535,-89.5556,"(40.653500000000001, -89.555599999999998)",Landslide,Mudslide,Small,Rain,,,
4821,4/23/13,Esmeraldas,21.26652,,0.7793,-79.5864,"(0.77929999999999999, -79.586399999999998)",Landslide,Landslide,Large,Rain,,,14
4822,4/25/13,Marshall,6.68251,,35.8568,-82.6957,"(35.8568, -82.695700000000002)",Landslide,Landslide,Medium,Rain,,,
4824,4/26/13,Scarborough,6.35974,,11.1954,-60.6764,"(11.195399999999999, -60.676400000000001)",Landslide,Landslide,Large,Rain,,,
4828,4/29/13,Glouster,2.06907,,39.485,-82.079,"(39.484999999999999, -82.078999999999994)",Landslide,Landslide,Medium,Rain,,,
4829,4/29/13,Cove Creek,2.06558,,35.6172,-83.0299,"(35.617199999999997, -83.029899999999998)",Landslide,Landslide,Medium,Rain,,,
4830,4/30/13,Clermont,0.39179,,28.5529,-81.7737,"(28.552900000000001, -81.773700000000005)",Landslide,Mudslide,Medium,Rain,,,
4835,05/06/2013,Black Mountain,0.17766,,35.6194,-82.3219,"(35.619399999999999, -82.321899999999999)",Landslide,Mudslide,Medium,Rain,,,1
4837,05/06/2013,Lenoir,12.88531,,35.9974,-81.6384,"(35.997399999999999, -81.638400000000004)",Landslide,Landslide,Medium,Rain,,,
4838,05/06/2013,Canton,4.10329,,35.5429,-82.7938,"(35.542900000000003, -82.793800000000005)",Landslide,Landslide,Medium,Rain,,,
4839,05/06/2013,Fruitland,5.76576,,35.4462,-82.3746,"(35.446199999999997, -82.374600000000001)",Landslide,Mudslide,Medium,Rain,,,
4841,05/07/2013,Ludlow,4.02153,,39.1267,-84.5319,"(39.1267, -84.531899999999993)",Landslide,Landslide,Medium,Rain,,,
4842,05/07/2013,Pineville,12.36833,,36.731,-83.5619,"(36.731000000000002, -83.561899999999994)",Landslide,Mudslide,Medium,Rain,,,
4843,05/07/2013,Canton,4.10329,,35.5429,-82.7938,"(35.542900000000003, -82.793800000000005)",Landslide,Mudslide,Medium,Rain,,,
4844,05/07/2013,Lake Lure,0.23032,,35.4299,-82.2055,"(35.429900000000004, -82.205500000000001)",Landslide,Landslide,Medium,Rain,,,
4850,05/08/2013,Bryson City,6.61994,,35.3884,-83.4985,"(35.388399999999997, -83.498500000000007)",Landslide,Landslide,Medium,Rain,,,
4862,5/13/13,Cruz Bay,2.79535,,18.3477,-64.7736,"(18.3477, -64.773600000000002)",Landslide,Mudslide,Medium,Rain,,,
4863,5/13/13,Jellico,15.98301,,36.6195,-83.9526,"(36.619500000000002, -83.952600000000004)",Landslide,Landslide,Medium,Downpour,,,
4866,5/15/13,Black Mountain,7.32191,,35.6357,-82.2434,"(35.6357, -82.243399999999994)",Landslide,Mudslide,Medium,Rain,,,
4868,5/19/13,Dawsonville,12.44051,,34.3426,-84.0226,"(34.342599999999997, -84.022599999999997)",Landslide,Landslide,Medium,Rain,,,
4871,5/22/13,Tigerville,7.92482,,35.0972,-82.448,"(35.097200000000001, -82.447999999999993)",Landslide,Landslide,Medium,Rain,,,
4872,5/22/13,West Saint Paul,1.89742,Bluff,44.9179,-93.1255,"(44.917900000000003, -93.125500000000002)",Landslide,Rockfall,Medium,Rain,,2,2
4874,5/26/13,Tepeji de Ocampo,0.64483,,19.9006,-99.3417,"(19.900600000000001, -99.341700000000003)",Landslide,Landslide,Large,Rain,,,7
4877,5/27/13,Hannibal,1.97078,,39.7245,-91.3681,"(39.724499999999999, -91.368099999999998)",Landslide,Landslide,Medium,Rain,,,0
4879,5/28/13,Portobelo,2.67409,,9.5676,-79.6667,"(9.5676000000000005, -79.666700000000006)",Landslide,Landslide,Medium,Downpour,,,0
4880,5/28/13,Margarita,0.7476,,9.3381,-79.8897,"(9.3381000000000007, -79.889700000000005)",Landslide,Landslide,Medium,Downpour,,,0
4881,5/28/13,Colón,0.20365,,9.3581,-79.9029,"(9.3581000000000003, -79.902900000000002)",Landslide,Landslide,Medium,Downpour,,,0
4884,5/29/13,Quincy,2.38934,,39.9141,-91.411,"(39.914099999999998, -91.411000000000001)",Landslide,Landslide,Small,Downpour,,,0
4886,5/29/13,Camillus,2.5486,,43.0266,-76.3302,"(43.026600000000002, -76.330200000000005)",Landslide,Mudslide,Small,Downpour,,,0
4890,5/31/13,Cayambe,45.69792,,-0.1193,-77.7668,"(-0.1193, -77.766800000000003)",Landslide,Landslide,Medium,Downpour,,,0
4893,06/01/2013,Lead,1.39751,,44.3507,-103.7826,"(44.350700000000003, -103.7826)",Landslide,Mudslide,Small,Rain,,,0
4902,06/06/2013,Camillus,2.5486,,43.0266,-76.3302,"(43.026600000000002, -76.330200000000005)",Landslide,Mudslide,Small,Downpour,,,0
4907,06/07/2013,Old Mystic,0.78631,,41.386,-71.9558,"(41.386000000000003, -71.955799999999996)",Landslide,Mudslide,Small,Tropical cyclone,Andrea,,0
4909,06/10/2013,Philadelphia,1.27824,,39.942,-75.1572,"(39.942, -75.157200000000003)",Landslide,Mudslide,Medium,Downpour,,,0
4918,6/13/13,Loyall,2.3688,,36.8406,-83.3765,"(36.840600000000002, -83.376499999999993)",Landslide,Mudslide,Medium,Rain,,,0
4919,6/14/13,Tunapuna,2.63186,,10.6501,-61.4004,"(10.6501, -61.400399999999998)",Landslide,Landslide,Small,Downpour,,,0
4922,6/16/13,Middleburgh,1.41843,Above road,42.5889,-74.32,"(42.588900000000002, -74.319999999999993)",Landslide,Mudslide,Small,Rain,,,0
4935,6/17/13,Camillus,2.5486,,43.0266,-76.3302,"(43.026600000000002, -76.330200000000005)",Landslide,Mudslide,Small,Downpour,,,0
4961,6/18/13,Williamstown,8.90467,,44.1047,-72.4328,"(44.104700000000001, -72.4328)",Landslide,Landslide,Small,Rain,,,0
4971,6/23/13,Waukon,23.47684,,43.3656,-91.218,"(43.365600000000001, -91.218000000000004)",Landslide,Mudslide,Medium,Downpour,,,0
4972,6/23/13,Frankfort,17.52573,,43.1925,-75.021,"(43.192500000000003, -75.021000000000001)",Landslide,Mudslide,Small,Downpour,,,0
4973,6/24/13,Boscobel,2.89624,,43.1604,-90.7085,"(43.160400000000003, -90.708500000000001)",Landslide,Mudslide,Medium,Downpour,,,0
4977,6/24/13,Prairie du Chien,12.86889,,43.1674,-91.1351,"(43.167400000000001, -91.135099999999994)",Landslide,Landslide,Medium,Rain,,,0
4980,6/25/13,Caledonia,24.86266,,43.5735,-91.2006,"(43.573500000000003, -91.200599999999994)",Landslide,Rockfall,Medium,Downpour,,,
4985,6/26/13,Camillus,2.5486,,43.0266,-76.3302,"(43.026600000000002, -76.330200000000005)",Landslide,Mudslide,Small,Downpour,,,0
4986,6/26/13,Seymour,2.68314,,44.8504,-91.4372,"(44.8504, -91.437200000000004)",Landslide,Mudslide,Small,Downpour,,,0
4989,6/27/13,Pottsville,0.10261,,40.6864,-76.1962,"(40.686399999999999, -76.196200000000005)",Landslide,Mudslide,Small,Downpour,,,0
4992,6/27/13,Binghamton,2.11425,,42.1144,-75.9324,"(42.114400000000003, -75.932400000000001)",Landslide,Mudslide,Small,Rain,,,0
4994,6/28/13,Laporte,25.57232,,40.6784,-105.4323,"(40.678400000000003, -105.4323)",Landslide,Mudslide,Medium,Downpour,,,0
4998,6/29/13,Duquesne,0.89493,,40.3892,-79.8627,"(40.389200000000002, -79.862700000000004)",Landslide,Landslide,Medium,Unknown,,,0
5003,07/01/2013,Manitou Springs,0.4097,,38.8634,-104.917,"(38.863399999999999, -104.917)",Landslide,Mudslide,Medium,Downpour,,,0
5004,07/01/2013,Dayton,1.11204,,39.1226,-84.4756,"(39.122599999999998, -84.4756)",Landslide,Mudslide,Small,Downpour,,,0
5008,07/01/2013,Hazelwood,11.16865,,35.4134,-83.1068,"(35.413400000000003, -83.106800000000007)",Landslide,Landslide,Small,Downpour,,,0
5009,07/01/2013,Sylva,4.59472,,35.4059,-83.2578,"(35.405900000000003, -83.257800000000003)",Landslide,Landslide,Medium,Downpour,,,0
5010,07/01/2013,Carnot-Moon,1.51482,,40.5287,-80.2054,"(40.528700000000001, -80.205399999999997)",Landslide,Landslide,Small,Downpour,,,0
5018,07/03/2013,Cave Spring,5.42545,,37.1995,-80.0628,"(37.1995, -80.062799999999996)",Landslide,Landslide,Medium,Rain,,,0
5019,07/04/2013,Asheville,2.03173,,35.6092,-82.534,"(35.609200000000001, -82.534000000000006)",Landslide,Landslide,Medium,Flooding,,,0
5020,07/04/2013,Cody,1.13439,,44.5199,-109.0676,"(44.5199, -109.0676)",Landslide,Mudslide,Medium,Rain,,,0
5025,07/04/2013,Woodfin,5.02716,,35.6508,-82.5308,"(35.650799999999997, -82.530799999999999)",Landslide,Landslide,Small,Continuous rain,,,0
5026,07/04/2013,Asheville,4.34897,,35.6255,-82.5166,"(35.625500000000002, -82.516599999999997)",Landslide,Landslide,Medium,Downpour,,,
5027,07/04/2013,Woodfin,5.14161,,35.6425,-82.5264,"(35.642499999999998, -82.526399999999995)",Landslide,Landslide,Medium,Downpour,,,
5028,07/04/2013,Asheville,1.27543,,35.6057,-82.5412,"(35.605699999999999, -82.541200000000003)",Landslide,Landslide,Medium,Downpour,,,
5029,07/04/2013,Woodfin,4.03738,,35.6369,-82.5377,"(35.636899999999997, -82.537700000000001)",Landslide,Landslide,Medium,Downpour,,,
5030,07/04/2013,Blowing Rock,11.48809,,36.0518,-81.6019,"(36.0518, -81.601900000000001)",Landslide,Landslide,Medium,Downpour,,,0
5031,07/04/2013,Brevard,18.50736,,35.078,-82.808,"(35.078000000000003, -82.808000000000007)",Landslide,Landslide,Small,Rain,,,0
5033,07/05/2013,Granite,9.12556,,40.5749,-111.6983,"(40.5749, -111.6983)",Landslide,Landslide,Medium,Downpour,,,0
5035,07/05/2013,Granite,10.78115,,40.5765,-111.6788,"(40.576500000000003, -111.6788)",Landslide,Landslide,Medium,Downpour,,,0
5038,07/06/2013,Cedar Hills,2.64441,,40.4338,-111.741,"(40.433799999999998, -111.741)",Landslide,Landslide,Small,Downpour,,,0
5041,07/06/2013,Highland,5.32884,,40.4445,-111.7078,"(40.444499999999998, -111.70780000000001)",Landslide,Mudslide,Small,Downpour,,,0
5042,07/06/2013,Cedar Hills,7.08894,,40.4467,-111.6867,"(40.4467, -111.6867)",Landslide,Mudslide,Medium,Downpour,,,0
5046,07/06/2013,Ilion,0.85072,,43.0091,-75.0289,"(43.009099999999997, -75.028899999999993)",Landslide,Mudslide,Small,Rain,,,0
5048,07/07/2013,Jackson,7.39282,,37.4892,-83.3601,"(37.489199999999997, -83.360100000000003)",Landslide,Mudslide,Small,Continuous rain,,,0
5055,07/07/2013,Blowing Rock,1.05589,,36.1316,-81.6885,"(36.131599999999999, -81.688500000000005)",Landslide,Landslide,Small,Downpour,,,0
5059,07/08/2013,Questa,21.76837,,36.7025,-105.3514,"(36.702500000000001, -105.3514)",Landslide,Mudslide,Medium,Downpour,,,0
5060,07/08/2013,Morrisville,5.55677,,42.8868,-75.5741,"(42.886800000000001, -75.574100000000001)",Landslide,Mudslide,Small,Downpour,,,0
5061,07/08/2013,Jackson,7.44703,,37.489,-83.3588,"(37.488999999999997, -83.358800000000002)",Landslide,Landslide,Medium,Unknown,,,0
5067,07/09/2013,Soroa,11.87914,,22.7943,-83.1322,"(22.7943, -83.132199999999997)",Landslide,Landslide,Medium,Downpour,,,0
5070,07/10/2013,Colorado City,13.17259,,37.9532,-104.9848,"(37.953200000000002, -104.98480000000001)",Landslide,Mudslide,Medium,Rain,,,0
5071,07/10/2013,Manitou Springs,2.43897,,38.8759,-104.9362,"(38.875900000000001, -104.9362)",Landslide,Mudslide,Medium,Rain,,,0
5077,07/10/2013,Manitou Springs,0.4097,,38.8634,-104.917,"(38.863399999999999, -104.917)",Landslide,Mudslide,Medium,Downpour,,,0
5078,07/11/2013,Logan,7.51462,,37.8024,-81.9312,"(37.802399999999999, -81.931200000000004)",Landslide,Landslide,Medium,Rain,,,0
5080,07/12/2013,Laporte,14.72352,,40.6893,-105.291,"(40.689300000000003, -105.291)",Landslide,Mudslide,Medium,Downpour,,,0
5081,07/12/2013,Laporte,20.26585,,40.6558,-105.3742,"(40.655799999999999, -105.3742)",Landslide,Landslide,Small,Downpour,,,0
5083,07/12/2013,Summerlin South,30.37462,,36.2629,-115.6158,"(36.262900000000002, -115.61579999999999)",Landslide,Debris flow,Medium,Rain,,,0
5089,07/12/2013,Laporte,4.00974,,40.6489,-105.1748,"(40.648899999999998, -105.1748)",Landslide,Mudslide,Small,Downpour,,,0
5090,07/12/2013,Charleston,5.79774,,38.4006,-81.6171,"(38.400599999999997, -81.617099999999994)",Landslide,Mudslide,Medium,Rain,,,0
5104,7/14/13,Gamewell,9.34488,,35.9242,-81.6747,"(35.924199999999999, -81.674700000000001)",Landslide,Mudslide,Medium,Rain,,,0
5105,7/15/13,Newland,1.41898,,36.0748,-81.9243,"(36.074800000000003, -81.924300000000002)",Landslide,Landslide,Medium,Rain,,,0
5109,7/16/13,Mountain Village,10.80667,,37.9693,-107.9697,"(37.969299999999997, -107.9697)",Landslide,Mudslide,Medium,Rain,,,
5110,7/16/13,Mountain Village,15.04331,,37.9935,-108.0086,"(37.993499999999997, -108.0086)",Landslide,Mudslide,Medium,Downpour,,,0
5111,7/16/13,Alpine,1.82493,,40.4678,-111.7679,"(40.467799999999997, -111.7679)",Landslide,Mudslide,Medium,Rain,,,0
5113,7/16/13,Lehi,1.7526,,40.4074,-111.8509,"(40.407400000000003, -111.8509)",Landslide,Mudslide,Small,Rain,,,0
5114,7/16/13,Highland,5.27973,,40.4905,-111.7377,"(40.490499999999997, -111.7377)",Landslide,Mudslide,Small,Rain,,,0
5115,7/16/13,Ferron,21.43097,,38.9231,-111.2493,"(38.923099999999998, -111.24930000000001)",Landslide,Mudslide,Medium,Downpour,,,0
5116,7/16/13,Highland,3.86093,,40.4788,-111.7448,"(40.4788, -111.7448)",Landslide,Mudslide,Small,Downpour,,,0
5121,7/17/13,Snowmass Village,27.54476,,39.0715,-107.1995,"(39.0715, -107.1995)",Landslide,Mudslide,Medium,Downpour,,,0
5124,7/17/13,West Yellowstone,51.55941,,45.0432,-110.732,"(45.043199999999999, -110.732)",Landslide,Mudslide,Medium,Downpour,,,0
5125,7/18/13,Page,28.51122,,37.1629,-111.373,"(37.1629, -111.373)",Landslide,Debris flow,Medium,Downpour,,,0
5127,7/18/13,Estes Park,13.74294,,40.3364,-105.6744,"(40.336399999999998, -105.67440000000001)",Landslide,Landslide,Medium,Rain,,,0
5128,7/18/13,Florencia,15.16116,,1.7417,-75.6568,"(1.7417, -75.656800000000004)",Landslide,Landslide,Medium,Downpour,,10,6
5131,7/18/13,Palisade,0.73594,,39.1168,-108.3523,"(39.116799999999998, -108.3523)",Landslide,Mudslide,Medium,Downpour,,,0
5132,7/18/13,Minturn,3.19723,,39.5672,-106.4031,"(39.5672, -106.40309999999999)",Landslide,Mudslide,Medium,Downpour,,,0
5133,7/18/13,Snowmass Village,27.05169,,39.0718,-107.1928,"(39.071800000000003, -107.19280000000001)",Landslide,Mudslide,Medium,Downpour,,,0
5134,7/18/13,Carbondale,24.70278,,39.1808,-107.2396,"(39.180799999999998, -107.2396)",Landslide,Mudslide,Medium,Downpour,,,0
5137,7/19/13,Eagar,39.22402,,33.7576,-109.2835,"(33.757599999999996, -109.2835)",Landslide,Landslide,Small,Downpour,,,0
5141,7/20/13,Questa,4.75219,,36.6918,-105.544,"(36.691800000000001, -105.544)",Landslide,Mudslide,Medium,Rain,,,0
5156,7/22/13,Idyllwild,7.79933,,33.7165,-116.6396,"(33.716500000000003, -116.6396)",Landslide,Mudslide,Medium,Downpour,,,0
5172,7/23/13,Monroeville,1.19691,,40.4213,-79.774,"(40.421300000000002, -79.774000000000001)",Landslide,Landslide,Small,Rain,,,0
5173,7/23/13,Monroeville,1.67287,,40.4252,-79.8071,"(40.425199999999997, -79.807100000000005)",Landslide,Landslide,Small,Rain,,,0
5174,7/23/13,White Oak,1.50672,,40.3493,-79.8003,"(40.349299999999999, -79.800299999999993)",Landslide,Landslide,Small,Downpour,,,0
5175,7/23/13,White Oak,1.8001,,40.3444,-79.79,"(40.3444, -79.790000000000006)",Landslide,Landslide,Small,Downpour,,,0
5185,7/24/13,Powhatan Point,21.79988,,39.7447,-80.6094,"(39.744700000000002, -80.609399999999994)",Landslide,Mudslide,Small,Downpour,,,
5186,7/24/13,Logan,5.91065,,37.8228,-81.9348,"(37.822800000000001, -81.934799999999996)",Landslide,Landslide,Medium,Downpour,,,
5188,7/25/13,Powhatan Point,7.63247,,39.8033,-80.7651,"(39.8033, -80.765100000000004)",Landslide,Mudslide,Medium,Rain,,,0
5190,7/25/13,Chesapeake,7.84336,,38.2213,-81.4467,"(38.221299999999999, -81.446700000000007)",Landslide,Landslide,Small,Downpour,,,0
5191,7/25/13,Laporte,13.16549,,40.6937,-105.2659,"(40.6937, -105.2659)",Landslide,Mudslide,Small,Downpour,,,0
5192,7/25/13,Áquira,3.14201,,2.6752,-75.6447,"(2.6751999999999998, -75.6447)",Landslide,Rockfall,Medium,Rain,,,5
5212,7/27/13,Hickory,0.9757,,35.7244,-81.3408,"(35.724400000000003, -81.340800000000002)",Landslide,Mudslide,Small,Rain,,,0
5216,7/27/13,Millers Creek,17.74135,,36.2204,-81.4311,"(36.220399999999998, -81.431100000000001)",Landslide,Landslide,Medium,Rain,,,
5219,7/28/13,Laporte,19.55437,,40.6875,-105.3546,"(40.6875, -105.3546)",Landslide,Mudslide,Medium,Downpour,,,
5221,7/28/13,Laporte,12.14412,,40.6124,-105.2801,"(40.612400000000001, -105.2801)",Landslide,Mudslide,Medium,Downpour,,,
5229,7/28/13,Paonia,2.33014,,38.8815,-107.6129,"(38.881500000000003, -107.6129)",Landslide,Debris flow,Small,Downpour,,,0
5242,7/31/13,Jasper,5.0514,,34.5117,-84.444,"(34.511699999999998, -84.444000000000003)",Landslide,Mudslide,Medium,Rain,,,
5243,7/31/13,Jasper,4.33442,,34.463,-84.4759,"(34.463000000000001, -84.475899999999996)",Landslide,Mudslide,Medium,Rain,,,
5245,08/01/2013,Fairhope,0.73828,,30.5279,-87.9085,"(30.527899999999999, -87.908500000000004)",Landslide,Landslide,Small,Rain,,,0
5246,08/01/2013,Margarita,0.7674,,9.3248,-79.8867,"(9.3247999999999998, -79.886700000000005)",Landslide,Mudslide,Medium,Downpour,,,4
5248,08/01/2013,Mount Pleasant,26.0676,,39.5166,-111.1548,"(39.516599999999997, -111.15479999999999)",Landslide,Mudslide,Small,Downpour,,,0
5249,08/01/2013,Mount Pleasant,25.7509,,39.5366,-111.1562,"(39.5366, -111.1562)",Landslide,Debris flow,Small,Rain,,,0
5299,08/09/2013,Manitou Springs,1.60621,,38.854,-104.9342,"(38.853999999999999, -104.9342)",Landslide,Debris flow,Medium,Rain,,,1
5318,8/13/13,Coal Run Village,10.79203,,37.4598,-82.6605,"(37.459800000000001, -82.660499999999999)",Landslide,Mudslide,Small,Downpour,,,0
5319,8/13/13,New Martinsville,24.21776,,39.6926,-80.5823,"(39.692599999999999, -80.582300000000004)",Landslide,Landslide,Small,Downpour,,,0
5345,8/17/13,Andalusia,1.69766,,31.3077,-86.5011,"(31.307700000000001, -86.501099999999994)",Landslide,Landslide,Small,Tropical cyclone,Utor,,
5350,8/18/13,Summerlin South,23.60286,,36.2423,-115.5421,"(36.2423, -115.5421)",Landslide,Debris flow,Medium,Downpour,,,0
5351,8/18/13,Pahrump,31.0066,,36.2566,-115.6442,"(36.256599999999999, -115.6442)",Landslide,Debris flow,Medium,Downpour,,,0
5385,8/22/13,Alpine,1.96154,,40.4679,-111.765,"(40.4679, -111.765)",Landslide,Mudslide,Medium,Downpour,,,0
5387,8/23/13,Bear Rocks,3.0665,,40.1504,-79.4592,"(40.150399999999998, -79.459199999999996)",Landslide,Mudslide,Medium,Downpour,,,0
5389,8/23/13,Pocatello,0.57038,,42.8729,-112.4389,"(42.872900000000001, -112.4389)",Landslide,Mudslide,Medium,Downpour,,,0
5390,8/23/13,Huntington,22.93764,,39.4714,-111.1546,"(39.471400000000003, -111.1546)",Landslide,Debris flow,Medium,Downpour,,,0
5397,8/24/13,Soddy-Daisy,5.71688,,35.2865,-85.1789,"(35.286499999999997, -85.178899999999999)",Landslide,Mudslide,Small,Rain,,,0
5400,8/25/13,Morongo Valley,1.82682,,34.0588,-116.5671,"(34.058799999999998, -116.5671)",Landslide,Mudslide,Medium,Tropical cyclone,Ivo,,0
5403,8/26/13,Coatzintla,1.52983,,20.5004,-97.4647,"(20.500399999999999, -97.464699999999993)",Landslide,Landslide,Medium,Tropical cyclone,Fernand,,3
5405,8/26/13,Altotonga,2.85382,,19.7906,-97.2428,"(19.790600000000001, -97.242800000000003)",Landslide,Landslide,Medium,Tropical cyclone,Fernand,,1
5406,8/26/13,Yecuatla,3.7316,,19.8413,-96.8005,"(19.8413, -96.8005)",Landslide,Landslide,Medium,Downpour,,,9
5408,8/27/13,Sabanilla,4.87432,,10.1181,-84.2146,"(10.1181, -84.214600000000004)",Landslide,Landslide,Medium,Downpour,,,
5411,8/28/13,Telluride,9.89859,,37.8943,-107.7138,"(37.894300000000001, -107.71380000000001)",Landslide,Rockfall,Medium,Downpour,,,0
5415,8/29/13,Los Caminos,3.53737,,14.951,-87.9338,"(14.951000000000001, -87.933800000000005)",Landslide,Landslide,Medium,Downpour,,2,6
5418,8/29/13,Salmon,26.56626,,45.3871,-114.0541,"(45.387099999999997, -114.05410000000001)",Landslide,Debris flow,Medium,Downpour,,,0
5419,8/30/13,Banning,9.26566,,33.8426,-116.8648,"(33.842599999999997, -116.8648)",Landslide,Debris flow,Medium,Downpour,,,0
5420,8/30/13,Pahrump,18.54588,,36.1054,-115.8215,"(36.105400000000003, -115.8215)",Landslide,Mudslide,Medium,Rain,,,0
5432,09/02/2013,Mapleton,33.45684,,39.9638,-111.2517,"(39.963799999999999, -111.2517)",Landslide,Mudslide,Medium,Downpour,,,0
5433,09/02/2013,Mapleton,34.35735,,39.9575,-111.2445,"(39.957500000000003, -111.2445)",Landslide,Mudslide,Medium,Downpour,,,0
5434,09/02/2013,Mapleton,34.82356,,39.9565,-111.2388,"(39.956499999999998, -111.2388)",Landslide,Mudslide,Medium,Downpour,,,0
5435,09/02/2013,Huntington,13.94274,,39.4402,-111.0337,"(39.440199999999997, -111.0337)",Landslide,Mudslide,Medium,Downpour,,,0
5436,09/02/2013,Manti,1.65946,,39.2535,-111.6396,"(39.253500000000003, -111.6396)",Landslide,Mudslide,Medium,Downpour,,,0
5440,09/02/2013,Hailey,2.19542,,43.5097,-114.3388,"(43.509700000000002, -114.33880000000001)",Landslide,Mudslide,Small,Downpour,,,0
5451,09/05/2013,Idaho City,38.48521,,44.1144,-116.1053,"(44.114400000000003, -116.1053)",Landslide,Mudslide,Medium,Downpour,,,0
5474,09/06/2013,Julian,10.67044,,33.1697,-116.565,"(33.169699999999999, -116.565)",Landslide,Mudslide,Medium,Downpour,,,0
5475,09/07/2013,Pajapita,0.96647,,14.7254,-92.0335,"(14.7254, -92.033500000000004)",Landslide,Landslide,Large,Earthquake,,,0
5477,09/07/2013,Cedar Hills,2.3713,,40.4336,-111.7471,"(40.433599999999998, -111.7471)",Landslide,Debris flow,Medium,Downpour,,,0
5478,09/07/2013,Highland,5.49158,,40.4431,-111.7061,"(40.443100000000001, -111.70610000000001)",Landslide,Debris flow,Medium,Downpour,,,0
5479,09/07/2013,Highland,3.0622,,40.4733,-111.751,"(40.473300000000002, -111.751)",Landslide,Debris flow,Small,Downpour,,,0
5481,09/07/2013,Provo,2.97871,,40.2464,-111.6276,"(40.246400000000001, -111.6276)",Landslide,Landslide,Medium,Downpour,,,0
5483,09/08/2013,Preston,19.50083,,42.2322,-111.7272,"(42.232199999999999, -111.7272)",Landslide,Landslide,Medium,Downpour,,,0
5486,09/09/2013,Heroica Coscomatepec de Bravo,0.09971,,19.0719,-97.0474,"(19.071899999999999, -97.047399999999996)",Landslide,Landslide,Medium,Downpour,,2,14
5489,09/10/2013,Flagstaff,7.39122,,35.2588,-111.6179,"(35.258800000000001, -111.61790000000001)",Landslide,Landslide,Medium,Rain,,1,0
5496,09/11/2013,Mount Pleasant,24.76989,,39.5459,-111.1673,"(39.545900000000003, -111.1673)",Landslide,Rockfall,Medium,Downpour,,,0
5497,09/11/2013,Cottonwood Heights,5.23498,,40.6217,-111.7484,"(40.621699999999997, -111.7484)",Landslide,Mudslide,Medium,Downpour,,,0
5498,09/11/2013,Orangeville,12.9509,,39.2751,-111.1903,"(39.275100000000002, -111.19029999999999)",Landslide,Debris flow,Medium,Downpour,,,0
5501,09/12/2013,Boulder,15.39663,,40.1192,-105.3896,"(40.119199999999999, -105.3896)",Landslide,Landslide,Very_large,Rain,,,3
5502,09/12/2013,Duchesne,7.44914,,40.1107,-110.4572,"(40.110700000000001, -110.4572)",Landslide,Mudslide,Medium,Downpour,,,0
5503,09/12/2013,Fort Carson,5.13887,,38.7439,-104.8474,"(38.743899999999996, -104.84739999999999)",Landslide,Mudslide,Medium,Downpour,,,0
5504,09/12/2013,Mountain Home,22.84271,,43.2804,-115.4953,"(43.2804, -115.4953)",Landslide,Mudslide,Medium,Downpour,,,0
5506,09/12/2013,Marbleton,30.39279,,42.2872,-110.1938,"(42.287199999999999, -110.1938)",Landslide,Mudslide,Medium,Downpour,,,0
5507,09/12/2013,Marbleton,41.69882,,42.1823,-110.1843,"(42.182299999999998, -110.18429999999999)",Landslide,Mudslide,Medium,Downpour,,,0
5508,09/12/2013,Boulder,2.37394,,40.0116,-105.298,"(40.011600000000001, -105.298)",Landslide,Mudslide,Medium,Rain,,,0
5509,09/12/2013,Coal Creek,3.762,,39.8958,-105.3357,"(39.895800000000001, -105.3357)",Landslide,Landslide,Medium,Rain,,,
5510,09/12/2013,Coal Creek,6.81843,,39.8839,-105.3033,"(39.883899999999997, -105.30329999999999)",Landslide,Landslide,Medium,Rain,,,
5511,09/12/2013,Mountain Home,28.84649,,43.34,-115.4769,"(43.34, -115.4769)",Landslide,Mudslide,Medium,Downpour,,,0
5512,09/12/2013,Mountain Home,27.81611,,43.3575,-115.5397,"(43.357500000000002, -115.5397)",Landslide,Mudslide,Medium,Downpour,,,0
5513,09/12/2013,Mountain Home,30.71907,,43.3877,-115.5441,"(43.387700000000002, -115.5441)",Landslide,Mudslide,Medium,Downpour,,,0
5514,09/12/2013,Mountain Home,31.78115,,43.4026,-115.5605,"(43.4026, -115.5605)",Landslide,Mudslide,Medium,Downpour,,,0
5515,09/12/2013,Mountain Home,27.87603,,43.3359,-115.4894,"(43.335900000000002, -115.4894)",Landslide,Mudslide,Medium,Downpour,,,0
5516,09/12/2013,Mountain Home,32.7157,,43.4205,-115.6043,"(43.420499999999997, -115.60429999999999)",Landslide,Mudslide,Medium,Downpour,,,0
5517,09/12/2013,Boulder,9.54612,,40.0505,-105.3724,"(40.0505, -105.3724)",Landslide,Mudslide,Medium,Downpour,,,0
5518,09/12/2013,Idaho City,13.92607,,43.7553,-115.975,"(43.755299999999998, -115.97499999999999)",Landslide,Mudslide,Medium,Downpour,,,0
5519,09/12/2013,Idaho City,13.92607,,43.7553,-115.975,"(43.755299999999998, -115.97499999999999)",Landslide,Mudslide,Medium,Downpour,,,0
5520,09/12/2013,Mountain Home,39.14705,,43.4122,-115.3971,"(43.412199999999999, -115.39709999999999)",Landslide,Mudslide,Medium,Downpour,,,0
5521,09/12/2013,Mountain Home,40.70609,,43.4234,-115.3855,"(43.423400000000001, -115.38549999999999)",Landslide,Mudslide,Medium,Downpour,,,0
5522,09/12/2013,Mountain Home,32.66456,Burned area,43.365,-115.4442,"(43.365000000000002, -115.4442)",Landslide,Mudslide,Medium,Downpour,,,0
5523,9/13/13,Herriman,10.80925,,40.4893,-112.1563,"(40.4893, -112.1563)",Landslide,Landslide,Medium,Downpour,,,0
5524,9/14/13,Albuquerque,2.54139,,35.0952,-106.6265,"(35.095199999999998, -106.62649999999999)",Landslide,Mudslide,Small,Downpour,,,0
5525,9/14/13,Eagle,8.21552,,43.7521,-116.2885,"(43.752099999999999, -116.2885)",Landslide,Mudslide,Medium,Rain,,,0
5526,9/14/13,San Andrés Huayapam,11.8349,,17.1933,-96.6045,"(17.193300000000001, -96.604500000000002)",Landslide,Landslide,Very_large,Tropical cyclone,Ingrid,,1
5527,9/15/13,Fontezuelas,9.78251,,20.5402,-98.9492,"(20.540199999999999, -98.949200000000005)",Landslide,Landslide,Very_large,Tropical cyclone,Ingrid,,3
5528,9/15/13,Tlatlauquitepec,0.30326,,19.849,-97.4997,"(19.849, -97.499700000000004)",Landslide,Landslide,Very_large,Tropical cyclone,Ingrid,1,3
5529,9/15/13,Estes Park,9.31567,,40.2935,-105.529,"(40.293500000000002, -105.529)",Landslide,Landslide,Medium,Tropical cyclone,Manuel,,0
5530,9/15/13,Acapulco,0.90692,,16.8638,-99.8816,"(16.863800000000001, -99.881600000000006)",Landslide,Mudslide,Very_large,Downpour,,,
5532,9/16/13,Altotonga,0.50188,,19.7615,-97.2422,"(19.761500000000002, -97.242199999999997)",Landslide,Landslide,Medium,Tropical cyclone,Ingrid,8,12
5534,9/16/13,Atoyac de Álvarez,32.12708,Deforested slope,17.3461,-100.1681,"(17.3461, -100.1681)",Landslide,Mudslide,Medium,Tropical cyclone,Manuel,4,71
5538,9/16/13,San Pablo Atzompa,14.04274,,17.225,-98.5,"(17.225000000000001, -98.5)",Landslide,Landslide,Medium,Downpour,,,0
5539,9/16/13,Atzala,5.24855,,18.5938,-98.5539,"(18.593800000000002, -98.553899999999999)",Landslide,Landslide,Medium,Tropical cyclone,Manyi,,0
5540,9/16/13,Sabanilla,10.32968,,10.1648,-84.1933,"(10.1648, -84.193299999999994)",Landslide,Landslide,Medium,Tropical cyclone,Manuel,,
5541,9/16/13,Santo Domingo,9.85736,,10.1528,-84.1489,"(10.152799999999999, -84.148899999999998)",Landslide,Landslide,Medium,Tropical cyclone,Manuel,,0
5542,9/16/13,Tetlaxco,4.5182,,19.0603,-97.1009,"(19.060300000000002, -97.100899999999996)",Landslide,Landslide,Medium,Tropical cyclone,Manuel,,13
5543,9/16/13,Chilpancingo de los Bravos,0.88149,,17.5482,-99.5137,"(17.548200000000001, -99.5137)",Landslide,Mudslide,Medium,Tropical cyclone,Ingrid,,4
5544,9/18/13,Herriman,9.5519,,40.5366,-112.1418,"(40.5366, -112.1418)",Landslide,Landslide,Medium,Mining digging,,,0
5545,9/19/13,Durango,7.53236,,37.335,-107.8397,"(37.335000000000001, -107.83969999999999)",Landslide,Debris flow,Medium,Downpour,,,0
5546,9/19/13,Durango,5.78799,,37.3233,-107.8546,"(37.323300000000003, -107.8546)",Landslide,Mudslide,Medium,Downpour,,,0
5547,9/19/13,Durango,8.65408,,37.3466,-107.8406,"(37.346600000000002, -107.84059999999999)",Landslide,Mudslide,Medium,Downpour,,,0
5560,9/29/13,Idaho City,39.35619,,43.8187,-115.3455,"(43.8187, -115.3455)",Landslide,Landslide,Large,Continuous rain,,,0
5561,9/29/13,Idaho City,44.26251,,43.8161,-115.2846,"(43.816099999999999, -115.2846)",Landslide,Landslide,Medium,Downpour,,,0
5562,9/29/13,Las Cumbres,2.81479,,9.0655,-79.5516,"(9.0655000000000001, -79.551599999999993)",Landslide,Landslide,Medium,Downpour,,,
5564,9/30/13,Buena Vista,16.21071,,38.7205,-106.2342,"(38.720500000000001, -106.2342)",Landslide,Landslide,Medium,Unknown,,1,5
5566,9/30/13,Southbridge,2.82925,,42.1004,-72.0295,"(42.1004, -72.029499999999999)",Landslide,Landslide,Medium,Continuous rain,,,0
5571,10/03/2013,Tilarán,12.21952,,10.5543,-84.8946,"(10.5543, -84.894599999999997)",Landslide,Landslide,Medium,Mining digging,,,
5576,10/05/2013,Winona,4.83306,,44.0222,-91.5929,"(44.022199999999998, -91.5929)",Landslide,Mudslide,Small,Downpour,,,0
5577,10/05/2013,Trempealeau,5.10967,,44.01,-91.5055,"(44.01, -91.505499999999998)",Landslide,Mudslide,Small,Downpour,,,0
5590,10/08/2013,Jackson,70.82902,,43.7495,-109.9673,"(43.749499999999998, -109.96729999999999)",Landslide,Landslide,Medium,Unknown,,,0
5591,10/08/2013,Tilarán,12.18115,,10.5546,-84.8955,"(10.554600000000001, -84.895499999999998)",Landslide,Landslide,Medium,Rain,,,2
5640,11/14/13,Scarborough,3.22335,,11.2109,-60.7429,"(11.210900000000001, -60.742899999999999)",Landslide,Landslide,Medium,Downpour,,,0
5641,11/14/13,Scarborough,3.88123,,11.2084,-60.7582,"(11.208399999999999, -60.758200000000002)",Landslide,Landslide,Medium,Downpour,,,0
5653,11/20/13,Montgomery,13.31637,,38.1077,-81.4493,"(38.107700000000001, -81.449299999999994)",Landslide,Mudslide,Medium,Unknown,,,0
5663,11/27/13,Hoboken,0.90146,,40.7427,-74.0429,"(40.742699999999999, -74.042900000000003)",Landslide,Mudslide,Small,Unknown,,,0
5675,12/06/2013,Logan,8.7665,,37.7811,-81.942,"(37.781100000000002, -81.941999999999993)",Landslide,Mudslide,Medium,Downpour,,,0
5677,12/06/2013,Alum Creek,2.09924,,38.3046,-81.8131,"(38.304600000000001, -81.813100000000006)",Landslide,Landslide,Medium,Other,,,0
5678,12/07/2013,Logan,8.7665,,37.7811,-81.942,"(37.781100000000002, -81.941999999999993)",Landslide,Mudslide,Medium,Downpour,,,0
5680,12/07/2013,Gilbert Creek,14.11991,,37.4633,-81.8206,"(37.463299999999997, -81.820599999999999)",Landslide,Mudslide,Medium,Downpour,,,0
5684,12/10/2013,Logan,9.11798,,37.7786,-81.9395,"(37.778599999999997, -81.939499999999995)",Landslide,Mudslide,Medium,Downpour,,,0
5690,12/11/2013,Sangre Grande,26.68822,,10.8237,-61.0955,"(10.823700000000001, -61.095500000000001)",Landslide,Mudslide,Medium,Rain,,,0
5691,12/12/2013,Hildale,19.18959,,37.1629,-113.0508,"(37.1629, -113.0508)",Landslide,Rockfall,Medium,Freeze thaw,,,2
5693,12/16/13,Olcuatitán,4.32007,,18.1563,-92.979,"(18.156300000000002, -92.978999999999999)",Landslide,Landslide,Medium,Continuous rain,,,
5697,12/19/13,Ramona,3.30093,,33.0375,-116.8331,"(33.037500000000001, -116.8331)",Landslide,Mudslide,Small,Rain,,,0
5704,12/21/13,Cheswick,1.60422,,40.5276,-79.7953,"(40.5276, -79.795299999999997)",Landslide,Landslide,Small,Unknown,,,0
5705,12/21/13,Lower Burrell,3.06925,,40.542,-79.7241,"(40.542000000000002, -79.724100000000007)",Landslide,Landslide,Small,Unknown,,,0
5709,12/22/13,Hindman,9.94567,,37.4046,-82.9083,"(37.404600000000002, -82.908299999999997)",Landslide,Mudslide,Small,Rain,,,0
5715,12/24/13,Pont Cassé,4.20239,,15.3288,-61.347,"(15.328799999999999, -61.347000000000001)",Landslide,Mudslide,Large,Downpour,,,0
5718,12/24/13,Praslin,3.81469,,13.8891,-60.9268,"(13.889099999999999, -60.9268)",Landslide,Landslide,Large,Downpour,,,
5719,12/24/13,Georgetown,8.63974,,13.3382,-61.1912,"(13.338200000000001, -61.191200000000002)",Landslide,Landslide,Very_large,Downpour,,,5
5720,12/24/13,Portsmouth,5.92994,,15.6308,-61.441,"(15.630800000000001, -61.441000000000003)",Landslide,Landslide,Medium,Downpour,,,0
5721,12/24/13,Soufrière,1.80847,,15.2174,-61.3583,"(15.2174, -61.3583)",Landslide,Landslide,Medium,Downpour,,,0
5730,12/27/13,Oceana,22.89616,,37.8765,-81.5076,"(37.8765, -81.507599999999996)",Landslide,Landslide,Medium,Unknown,,,0
5731,12/28/13,El Sauzal,12.365,Below road,31.978,-116.7776,"(31.978000000000002, -116.77760000000001)",Landslide,Mudslide,Medium,Downpour,,,0
5732,12/28/13,Gorham,17.23167,,44.2637,-71.3026,"(44.2637, -71.302599999999998)",Landslide,Snow avalanche,Medium,Other,,2,0
5735,12/30/13,Welch,12.7902,,37.4204,-81.4409,"(37.420400000000001, -81.440899999999999)",Landslide,Landslide,Small,Unknown,,,0
5743,01/02/2014,Newcomerstown,7.31418,Below road,40.2205,-81.5529,"(40.220500000000001, -81.552899999999994)",Landslide,Landslide,Medium,Unknown,,0,0
5744,01/02/2014,Bryson City,13.70206,Unknown,35.3991,-83.5909,"(35.399099999999997, -83.590900000000005)",Landslide,Landslide,Medium,unknown,,0,0
5754,01/07/2014,Saint Joseph,2.38605,Above road,15.421,-61.4285,"(15.420999999999999, -61.4285)",Landslide,Landslide,Medium,unknown,,0,0
5777,1/14/14,Pittsburgh,1.31322,Above road,40.429,-79.9988,"(40.429000000000002, -79.998800000000003)",Landslide,Landslide,Medium,unknown,,0,0
5785,1/14/14,Brentwood,1.87113,Natural slope,40.3865,-79.9675,"(40.386499999999998, -79.967500000000001)",Landslide,Landslide,Medium,unknown,,0,0
5841,02/05/2014,Morehead,10.34977,Above road,38.1181,-83.5162,"(38.118099999999998, -83.516199999999998)",Landslide,Landslide,Medium,Rain,,0,0
5842,02/05/2014,Prestonsburg,13.34216,Above road,37.5455,-82.7779,"(37.545499999999997, -82.777900000000002)",Landslide,Mudslide,Medium,unknown,,0,0
5859,02/11/2014,Joseph,22.16606,Unknown,45.1623,-117.3062,"(45.162300000000002, -117.3062)",Landslide,Snow avalanche,Large,unknown,,2,2
5868,2/14/14,Cumbitara,16.97776,Unknown,1.6818,-77.7319,"(1.6818, -77.731899999999996)",Landslide,Landslide,Large,Downpour,,12,5
5871,2/15/14,Hamilton,0.89751,Above road,32.3032,-64.7792,"(32.303199999999997, -64.779200000000003)",Landslide,Landslide,Medium,Downpour,,0,0
5888,2/21/14,Ludlow,1.22118,Above road,39.0963,-84.5607,"(39.096299999999999, -84.560699999999997)",Landslide,Mudslide,medium,Continuous rain,,0,0
5893,2/22/14,Prestonsburg,11.74439,Above road,37.5927,-82.8679,"(37.592700000000001, -82.867900000000006)",Landslide,Mudslide,Medium,Snowfall snowmelt,,0,0
5896,2/23/14,Newport,1.39322,Above road,39.1037,-84.4995,"(39.103700000000003, -84.499499999999998)",Landslide,Mudslide,Medium,Snowfall snowmelt,,0,0
5903,2/27/14,South Weber,0.87758,Above road,41.1272,-111.9381,"(41.127200000000002, -111.93810000000001)",Landslide,Landslide,medium,Downpour,,0,0
5915,03/03/2014,Pikeville,7.48881,Above road,37.4285,-82.5745,"(37.4285, -82.5745)",Landslide,Mudslide,large,Snowfall snowmelt,,0,0
5917,03/04/2014,Booneville,22.52336,Above road,37.3486,-83.4771,"(37.348599999999998, -83.477099999999993)",Landslide,Mudslide,large,Continuous rain,,0,0
5944,03/12/2014,Aspinwall,1.01041,Above road,40.4826,-79.9021,"(40.482599999999998, -79.902100000000004)",Landslide,Mudslide,Medium,unknown,,0,0
5945,03/12/2014,Park Hills,1.35697,Above road,39.0821,-84.5245,"(39.082099999999997, -84.524500000000003)",Landslide,Landslide,Medium,unknown,,0,0
5948,3/13/14,Saint Bernard,3.98882,Above road,39.1396,-84.5284,"(39.139600000000002, -84.528400000000005)",Landslide,Landslide,Medium,Continuous rain,,0,0
5950,3/14/14,Manor,1.72576,Above road,40.3204,-79.68,"(40.320399999999999, -79.680000000000007)",Landslide,Landslide,small,unknown,,0,0
5951,3/15/14,Mount Oliver,3.52327,Above road,40.428,-79.9504,"(40.427999999999997, -79.950400000000002)",Landslide,Landslide,medium,unknown,,0,0
5957,3/13/14,Palmira,7.70237,Unknown,3.5181,-76.2244,"(3.5181, -76.224400000000003)",Landslide,Mudslide,Large,Continuous rain,,2,2
5959,3/16/14,Palermo,0.00003,Unknown,2.8917,-75.4375,"(2.8917000000000002, -75.4375)",Landslide,mudslide,Large,Continuous rain,,0,1
5960,3/16/14,Bucaramanga,1.33829,Unknown,7.1133,-73.1205,"(7.1132999999999997, -73.120500000000007)",Landslide,mudslide,Large,Continuous rain,,0,2
5961,3/17/14,Pittsburgh,1.91563,Above road,40.4519,-79.9787,"(40.451900000000002, -79.978700000000003)",Landslide,mudslide,Medium,unknown,,0,0
5967,3/20/14,Stratford,0.76857,Above road,41.2008,-73.1157,"(41.200800000000001, -73.115700000000004)",Landslide,Mudslide,Small,Continuous rain,,0,0
5973,3/26/14,Fort Thomas,0.84033,Above road,39.0787,-84.4386,"(39.078699999999998, -84.438599999999994)",Landslide,Landslide,small,unknown,,0,0
5977,3/29/14,Nedrow,7.01558,Unknown,42.9429,-76.0673,"(42.942900000000002, -76.067300000000003)",Landslide,Mudslide,Small,Rain,,0,0
5981,04/04/2014,Carrollton,5.24704,Unknown,38.689,-85.2388,"(38.689, -85.238799999999998)",Landslide,Landslide,Small,Rain,,0,0
5983,04/06/2014,Carrollton,5.11169,Unknown,38.6914,-85.2366,"(38.691400000000002, -85.236599999999996)",Landslide,Landslide,Small,Rain,,0,0
5985,04/07/2014,Vestavia Hills,0.90573,Above road,33.4407,-86.7896,"(33.4407, -86.789599999999993)",Landslide,Mudslide,Small,Downpour,,0,0
5987,04/08/2014,Pittsburgh,1.556,Above road,40.4381,-80.0176,"(40.438099999999999, -80.017600000000002)",Landslide,Landslide,Medium,Rain,,0,0
5988,04/09/2014,The Village of Indian Hill,2.22788,Above road,39.2341,-84.3118,"(39.234099999999998, -84.311800000000005)",Landslide,Mudslide,Small,Rain,,0,0
5992,04/12/2014,Warrensburg,2.17558,Above road,43.4825,-73.7946,"(43.482500000000002, -73.794600000000003)",Landslide,Mudslide,Small,Rain,,0,0
5993,04/12/2014,Wayne,8.50992,Above road,38.163,-82.5052,"(38.162999999999997, -82.505200000000002)",Landslide,Mudslide,Small,Rain,,0,0
6002,05/01/2014,Sea Cliff,0.6923,Retaining wall,40.8478,-73.6527,"(40.847799999999999, -73.652699999999996)",Landslide,Landslide,Small,Rain,,0,0
6003,4/30/14,Baltimore,5.94285,Retaining wall,39.3194,-76.6163,"(39.319400000000002, -76.616299999999995)",Landslide,Landslide,Medium,Downpour,,0,0
6004,4/30/14,Prestonsburg,13.32465,Unknown,37.5457,-82.7778,"(37.545699999999997, -82.777799999999999)",Landslide,Mudslide,Small,Rain,,0,0
6006,05/01/2014,Charlestown,4.24402,Below road,39.2902,-76.6651,"(39.290199999999999, -76.665099999999995)",Landslide,Mudslide,Small,Rain,,0,0
6007,4/30/14,Alpine,1.62138,Above road,40.949,-73.8992,"(40.948999999999998, -73.899199999999993)",Landslide,Mudslide,Small,Downpour,,0,0
6023,5/13/14,Pittsburgh,1.27111,Above road,40.4301,-80.0017,"(40.430100000000003, -80.0017)",Landslide,Landslide,Small,Rain,,0,0
6026,5/15/14,Shokan,26.62969,Above road,42.1633,-74.4086,"(42.1633, -74.408600000000007)",Landslide,Landslide,Medium,Rain,,0,0
6028,5/16/14,Lexington,20.62473,Above road,37.9425,-79.5653,"(37.942500000000003, -79.565299999999993)",Landslide,Mudslide,Small,Rain,,0,0
6038,5/25/14,Cedaredge,16.89741,Natural slope,39.1652,-107.8476,"(39.165199999999999, -107.8476)",Landslide,Complex,Very_large,Rain,,0,3
6039,5/27/14,Keystone,8.62122,Above road,39.632,-105.8961,"(39.631999999999998, -105.8961)",Landslide,Mudslide,Small,Rain,,0,0
6040,5/30/14,San Pedro Necta,0.91108,Natural slope,15.4918,-91.7671,"(15.4918, -91.767099999999999)",Landslide,Mudslide,Small,Downpour,,7,6
6045,06/01/2014,Mendota Heights,1.73479,Above road,44.8979,-93.1471,"(44.8979, -93.147099999999995)",Landslide,Mudslide,Small,Continuous rain,,0,0
6046,06/01/2014,Eden Prairie,0.15271,Mine construction,44.8533,-93.4707,"(44.853299999999997, -93.470699999999994)",Landslide,Mudslide,Medium,Downpour,,0,0
6049,06/05/2014,Canton,9.42335,Above road,34.224,-84.3896,"(34.223999999999997, -84.389600000000002)",Landslide,Mudslide,Small,Downpour,,0,0
6052,06/10/2014,Mendota Heights,1.93378,Below road,44.885,-93.1627,"(44.884999999999998, -93.162700000000001)",Landslide,Landslide,Small,Rain,,0,0
6058,6/15/14,Wiscasset,9.00019,Unknown,44.0765,-69.6188,"(44.076500000000003, -69.618799999999993)",Landslide,Landslide,Small,Continuous rain,,0,0
6064,6/18/14,North Mankato,5.90746,Above road,44.1208,-94.0453,"(44.120800000000003, -94.045299999999997)",Landslide,Mudslide,Small,Downpour,,0,0
6066,6/18/14,Mankato,1.73178,Unknown,44.1547,-93.9816,"(44.154699999999998, -93.9816)",Landslide,Mudslide,Small,Rain,,0,0
6067,6/18/14,Le Sueur,6.99107,Unknown,44.524,-93.9072,"(44.524000000000001, -93.907200000000003)",Landslide,Landslide,Small,Downpour,,0,0
6071,6/19/14,Belle Plaine,3.37657,Above road,44.6474,-93.7933,"(44.647399999999998, -93.793300000000002)",Landslide,Mudslide,Small,Continuous rain,,0,0
6072,6/19/14,Minneapolis,0.25471,Unknown,44.9817,-93.2659,"(44.981699999999996, -93.265900000000002)",Landslide,Mudslide,Small,Continuous rain,,0,0
6073,6/19/14,Saint Paul,2.31638,Unknown,44.9398,-93.1219,"(44.939799999999998, -93.121899999999997)",Landslide,Mudslide,Small,Continuous rain,,0,0
6076,6/19/14,Minneapolis,2.50336,Above road,44.9683,-93.2365,"(44.968299999999999, -93.236500000000007)",Landslide,Mudslide,Medium,Continuous rain,,0,0
6079,6/20/14,Le Sueur,7.07406,Unknown,44.5248,-93.9077,"(44.524799999999999, -93.907700000000006)",Landslide,Mudslide,Small,Continuous rain,,0,0
6080,6/20/14,Saint Paul,2.99793,Unknown,44.9459,-93.0553,"(44.945900000000002, -93.055300000000003)",Landslide,Mudslide,Small,Continuous rain,,0,0
6083,6/20/14,Belle Plaine,7.97257,Below road,44.5768,-93.8457,"(44.576799999999999, -93.845699999999994)",Landslide,Mudslide,Medium,Rain,,0,0
6088,6/23/14,Belle Plaine,7.02197,Above road,44.594,-93.8473,"(44.594000000000001, -93.847300000000004)",Landslide,Mudslide,Medium,Downpour,,0,0
6089,6/23/14,Santo Domingo,31.14242,Unknown,12.3535,-84.8095,"(12.3535, -84.8095)",Landslide,Landslide,Small,Continuous rain,,0,0
6090,6/23/14,Santo Domingo,31.24511,Unknown,12.3521,-84.808,"(12.3521, -84.808000000000007)",Landslide,Landslide,Medium,Continuous rain,,0,0
6091,6/23/14,Santo Domingo,31.3736,Unknown,12.3511,-84.8064,"(12.351100000000001, -84.806399999999996)",Landslide,Landslide,Medium,Continuous rain,,0,0
6092,6/23/14,Santo Domingo,31.10125,Unknown,12.3506,-84.8089,"(12.3506, -84.808899999999994)",Landslide,Landslide,Medium,Continuous rain,,0,0
6093,6/23/14,Santo Domingo,30.99704,Unknown,12.3502,-84.8098,"(12.350199999999999, -84.809799999999996)",Landslide,Landslide,Medium,Continuous rain,,0,0
6094,6/23/14,Santo Domingo,30.7707,Unknown,12.349,-84.8116,"(12.349, -84.811599999999999)",Landslide,Landslide,Medium,Continuous rain,,0,0
6095,6/23/14,Santo Domingo,30.27546,Unknown,12.3487,-84.8163,"(12.348699999999999, -84.816299999999998)",Landslide,Landslide,Small,Continuous rain,,0,0
6096,6/23/14,Santo Domingo,29.95253,Unknown,12.349,-84.8195,"(12.349, -84.819500000000005)",Landslide,Landslide,Medium,Continuous rain,,0,0
6097,6/23/14,Santo Domingo,29.92927,Unknown,12.3484,-84.8195,"(12.3484, -84.819500000000005)",Landslide,Landslide,Medium,Continuous rain,,0,0
6098,6/23/14,Santo Domingo,28.90294,Unknown,12.3129,-84.8199,"(12.312900000000001, -84.819900000000004)",Landslide,Landslide,Medium,Continuous rain,,0,0
6099,6/23/14,Santo Domingo,32.69694,Unknown,12.3484,-84.7928,"(12.3484, -84.7928)",Landslide,Landslide,Medium,Continuous rain,,0,0
6100,6/23/14,Santo Domingo,32.96402,Unknown,12.3476,-84.79,"(12.3476, -84.79)",Landslide,Landslide,Medium,Continuous rain,,0,0
6101,6/23/14,Santo Domingo,32.77401,Unknown,12.352,-84.7932,"(12.352, -84.793199999999999)",Landslide,Landslide,Medium,Continuous rain,,0,0
6102,6/23/14,Santo Domingo,29.94574,Unknown,12.3491,-84.8196,"(12.3491, -84.819599999999994)",Landslide,Landslide,Medium,Continuous rain,,0,0
6103,6/25/14,Boalsburg,2.1472,Unknown,40.7918,-77.7785,"(40.791800000000002, -77.778499999999994)",Landslide,Mudslide,Small,Rain,,0,0
6109,6/27/14,Preston,14.33305,Above road,43.7638,-91.9607,"(43.763800000000003, -91.960700000000003)",Landslide,Mudslide,Small,Rain,,0,0
6114,6/29/14,Cedar Rapids,4.98458,Above road,41.9738,-91.6056,"(41.973799999999997, -91.605599999999995)",Landslide,Mudslide,Small,Rain,,0,0
6122,07/02/2014,Ciudad Juárez,3.05542,Unknown,31.7293,-106.5152,"(31.729299999999999, -106.51519999999999)",Landslide,Landslide,Small,Rain,,0,3
6123,07/02/2014,Ciudad Choluteca,3.69596,Mine construction,13.2875,-87.0325,"(13.2875, -87.032499999999999)",Landslide,Landslide,Small,Mining digging,,3,8
6128,07/07/2014,Sedona,5.43356,Unknown,34.9098,-111.7268,"(34.909799999999997, -111.7268)",Landslide,Mudslide,Small,Continuous rain,,0,0
6137,07/12/2014,Colorado Springs,3.60998,Above road,38.8416,-104.8618,"(38.8416, -104.8618)",Landslide,Mudslide,Small,Rain,,0,0
6148,7/15/14,Cody,66.07162,Above road,44.4686,-109.8833,"(44.468600000000002, -109.88330000000001)",Landslide,Mudslide,Small,Rain,,0,0
6149,7/15/14,Salida,7.6987,Above road,38.5064,-106.0795,"(38.506399999999999, -106.0795)",Landslide,Mudslide,Medium,Rain,,0,0
6161,7/19/14,Cascade-Chipita Park,1.37598,Above road,38.9398,-105.0175,"(38.939799999999998, -105.0175)",Landslide,Mudslide,Small,Downpour,,0,0
6166,7/20/14,Borrego Springs,20.08692,Unknown,33.3124,-116.5799,"(33.312399999999997, -116.57989999999999)",Landslide,Mudslide,Small,Downpour,,0,0
6185,7/28/14,Nephi,5.80331,Above road,39.7153,-111.769,"(39.715299999999999, -111.76900000000001)",Landslide,Mudslide,Small,Rain,,0,0
6201,08/03/2014,Cherry Valley,8.96214,Above road,34.0548,-116.9765,"(34.0548, -116.9765)",Landslide,Mudslide,Large,Continuous rain,,0,0
6202,5/20/14,Yoro,0.31238,Unknown,15.0666,-87.3245,"(15.066599999999999, -87.3245)",Landslide,Landslide,Medium,Rain,,0,0
6216,10/04/2014,La Fortuna,9.84213,Unknown,10.4792,-84.7349,"(10.479200000000001, -84.734899999999996)",Landslide,Landslide,Small,Rain,,0,0
6219,10/07/2014,Ariguaní,28.50569,Unknown,10.4741,-73.8715,"(10.4741, -73.871499999999997)",Landslide,Landslide,Medium,Rain,,0,6
6221,9/24/14,Woodbine,5.71009,Above river,41.7878,-95.6841,"(41.787799999999997, -95.684100000000001)",Landslide,Landslide,Small,Unknown,,0,0
6226,4/17/14,Jackson,1.70313,Urban area,43.4756,-110.7826,"(43.4756, -110.7826)",Landslide,Creep,Small,Snowfall snowmelt,,0,0
6246,10/14/14,Lookout Mountain,0.5826,Deforested slope,34.9922,-85.3435,"(34.992199999999997, -85.343500000000006)",Landslide,Landslide,Small,Downpour,,0,0
6251,10/13/14,Chirilagua,6.94536,Above road,13.2817,-88.1253,"(13.281700000000001, -88.125299999999996)",Landslide,Rockfall,Small,Earthquake,,0,0
6253,06/01/2007,Granby,5.53226,Other,40.0929,-105.8752,"(40.0929, -105.87520000000001)",Landslide,Landslide,Medium,Unknown,,0,0
6254,5/15/14,Versailles,1.57546,Above road,40.3034,-79.8406,"(40.303400000000003, -79.840599999999995)",Landslide,Landslide,Small,Continuous rain,,0,0
6257,08/05/2014,North Salt Lake,2.55023,Urban area,40.8269,-111.9024,"(40.826900000000002, -111.9024)",Landslide,Landslide,Medium,Downpour,,0,0
6269,10/18/14,Colonia Alborada,4.1083,Above road,16.885,-99.8562,"(16.885000000000002, -99.856200000000001)",Landslide,Landslide,Small,Tropical cyclone,Trudy,0,0
6270,10/16/14,Ciudad Sandino,5.59574,Retaining wall,12.1137,-86.2409,"(12.1137, -86.240899999999996)",Landslide,Mudslide,Small,Downpour,,0,9
6278,5/15/14,Fort Washington,2.15609,Above road,38.6987,-77.0008,"(38.698700000000002, -77.000799999999998)",Landslide,Mudslide,Small,Downpour,,0,0
6297,9/19/14,,5.57523,Above road,9.9643,-84.252,"(9.9642999999999997, -84.251999999999995)",Landslide,Landslide,Small,Rain,,0,0
6301,10/23/14,Siparia,3.752,Unknown,10.124,-61.5329,"(10.124000000000001, -61.532899999999998)",Landslide,Mudslide,Medium,Downpour,,0,0
6303,06/11/2009,Logan,1.79637,Above river,41.7385,-111.8132,"(41.738500000000002, -111.81319999999999)",Landslide,Landslide,Small,Flooding,,0,3
6308,10/20/14,San Gabriel,10.47204,Above road,0.6194,-77.7404,"(0.61939999999999995, -77.740399999999994)",Landslide,Rockfall,Small,Earthquake,,0,0
6309,10/21/14,San Vicente de Chucurí,1.08964,Above road,6.8907,-73.4081,"(6.8906999999999998, -73.408100000000005)",Landslide,Rockfall,Small,Rain,,0,0
6318,9/16/14,Washington,1.34549,Unknown,37.1422,-113.5043,"(37.142200000000003, -113.5043)",Landslide,Debris flow,Small,Rain,,0,0
6319,09/07/2014,Valle Vista,7.42146,Burned area,33.7354,-116.8146,"(33.735399999999998, -116.8146)",Landslide,Debris flow,Small,Rain,,0,0
6335,11/01/2014,Desamparados,5.95519,Above road,9.9275,-84.4557,"(9.9275000000000002, -84.455699999999993)",Landslide,Landslide,Small,Earthquake,,0,0
6342,1/15/14,Wilmerding,0.35963,Above road,40.3883,-79.8126,"(40.388300000000001, -79.812600000000003)",Landslide,Rockfall,Small,Unknown,,0,0
6345,09/08/2014,Port Antonio,3.60799,Unknown,18.1444,-76.4587,"(18.144400000000001, -76.458699999999993)",Landslide,Mudslide,Small,Downpour,,0,0
6362,11/04/2014,Valley Falls,3.45417,Above road,41.9244,-71.3563,"(41.924399999999999, -71.356300000000005)",Landslide,Landslide,Small,Mining digging,,0,0
6367,09/03/2014,Columbus,6.88634,Mine construction,32.4981,-84.9289,"(32.498100000000001, -84.928899999999999)",Landslide,Mudslide,Small,Rain,,0,0
6368,08/04/2014,Idaho City,26.67215,Above river,43.7777,-115.5106,"(43.777700000000003, -115.5106)",Landslide,Landslide,Medium,Rain,,0,0
6372,8/23/14,Cody,59.36537,Above road,44.4544,-109.7961,"(44.4544, -109.7961)",Landslide,Rockfall,Small,Unknown,,0,0
6382,11/09/2014,Huntington,3.37218,Below road,38.4476,-82.4314,"(38.447600000000001, -82.431399999999996)",Landslide,Landslide,Small,Construction,,0,0
6388,11/17/14,Hoover,3.51822,Above road,33.3747,-86.8019,"(33.374699999999997, -86.801900000000003)",Landslide,Landslide,Small,Downpour,,0,0
6390,11/21/14,San Jacinto,4.90583,Above road,33.8256,-116.9762,"(33.825600000000001, -116.97620000000001)",Landslide,Landslide,Small,Rain,,0,0
6395,4/18/13,East Peoria,2.36449,Urban area,40.6545,-89.5567,"(40.654499999999999, -89.556700000000006)",Landslide,Landslide,Small,Rain,,0,0
6396,4/18/13,East Peoria,2.33139,Urban area,40.6549,-89.5569,"(40.654899999999998, -89.556899999999999)",Landslide,Landslide,Small,Rain,,0,0
6404,11/28/14,Hamilton,4.79449,Above road,43.2804,-79.8919,"(43.2804, -79.891900000000007)",Landslide,Landslide,Small,Unknown,,0,0
6417,8/28/14,Bonanza,0.37593,Mine construction,14.0256,-84.5919,"(14.025600000000001, -84.591899999999995)",Landslide,Landslide,Medium,Downpour,,0,7
6421,12/04/2014,Escondido,5.53682,Burned area,33.0938,-117.1375,"(33.093800000000002, -117.1375)",Landslide,Debris flow,Small,Rain,,0,0
6422,12/04/2014,San Jacinto,5.62939,Above road,33.8294,-116.9746,"(33.8294, -116.9746)",Landslide,Mudslide,Medium,Downpour,,0,0
6423,12/03/2014,Crest,2.75389,Above road,32.7862,-116.8526,"(32.786200000000001, -116.8526)",Landslide,Mudslide,Small,Rain,,0,0
6430,08/03/2014,Yucaipa,13.02571,Unknown,34.0873,-116.9176,"(34.087299999999999, -116.91759999999999)",Landslide,Mudslide,Medium,Downpour,,0,0
6446,08/01/2014,Salida,14.50415,Above road,38.4316,-106.1009,"(38.431600000000003, -106.1009)",Landslide,Mudslide,Small,Rain,,0,0
6456,12/09/2014,Topsfield,1.82352,Unknown,42.6469,-70.9368,"(42.646900000000002, -70.936800000000005)",Landslide,Mudslide,Small,Rain,,0,0
6464,08/10/2014,Corrales,0.35759,Unknown,35.2351,-106.6046,"(35.235100000000003, -106.6046)",Landslide,Mudslide,Small,Downpour,,0,0
6468,08/10/2014,Salida,3.89595,Unknown,38.5095,-105.9679,"(38.509500000000003, -105.9679)",Landslide,Mudslide,Small,Downpour,,0,0
6469,08/10/2014,Salida,7.04118,Above road,38.4998,-105.9315,"(38.4998, -105.9315)",Landslide,Mudslide,Small,Downpour,,0,0
6471,08/11/2014,San Luis,25.29753,Above road,37.4282,-105.4449,"(37.428199999999997, -105.4449)",Landslide,Mudslide,Small,Downpour,,0,0
6485,08/12/2014,Quito,26.72137,Mine construction,0.0072,-78.4781,"(0.0071999999999999998, -78.478099999999998)",Landslide,Rockfall,Medium,Earthquake,,8,2
6486,08/12/2014,Quito,23.97854,Above road,-0.0718,-78.3774,"(-0.071800000000000003, -78.377399999999994)",Landslide,Rockfall,Small,Earthquake,,0,0
6491,12/06/2014,Huntington,7.32387,Above road,38.4832,-82.4247,"(38.483199999999997, -82.424700000000001)",Landslide,Landslide,Small,Continuous rain,,0,0
6505,12/13/14,Gonzalo Pizarro,11.55916,Mine construction,-0.1331,-77.4613,"(-0.1331, -77.461299999999994)",Landslide,Mudslide,Medium,Unknown,,12,13
6506,8/13/14,Idaho City,9.77449,Above road,43.8807,-115.7367,"(43.880699999999997, -115.7367)",Landslide,Mudslide,Small,Rain,,0,0
6507,8/14/14,Boulder City,2.66,Natural slope,36.0026,-114.8324,"(36.002600000000001, -114.83240000000001)",Landslide,Debris flow,Small,Downpour,,0,0
6508,8/14/14,Hoback,17.26708,Above road,43.1888,-110.9541,"(43.188800000000001, -110.9541)",Landslide,Creep,Medium,Downpour,,0,0
6509,08/12/2014,Telluride,0.63448,Natural slope,37.9424,-107.8161,"(37.942399999999999, -107.81610000000001)",Landslide,Debris flow,Small,Downpour,,0,0
6533,8/18/14,Hindman,1.90244,Deforested slope,37.3344,-82.9591,"(37.334400000000002, -82.959100000000007)",Landslide,Mudslide,Small,Downpour,,0,0
6542,8/21/14,Canajoharie,10.30458,Above road,42.8147,-74.5965,"(42.814700000000002, -74.596500000000006)",Landslide,Mudslide,Small,Downpour,,0,0
6543,8/21/14,Rio Segundo,11.96524,Above river,10.2878,-84.1807,"(10.287800000000001, -84.180700000000002)",Landslide,Mudslide,Large,Unknown,,0,0
6547,8/22/14,Coal Run Village,10.17779,Deforested slope,37.5715,-82.6473,"(37.5715, -82.647300000000001)",Landslide,Mudslide,Small,Downpour,,0,0
6579,12/21/14,Almaguer,17.31514,Unknown,1.8362,-76.9857,"(1.8362000000000001, -76.985699999999994)",Landslide,Mudslide,Large,Rain,,0,6
6581,1/16/14,Waynesburg,2.22576,Above river,39.9144,-80.1676,"(39.914400000000001, -80.167599999999993)",Landslide,Landslide,Medium,Unknown,,0,0
6585,05/11/2008,Camp Springs,1.8754,Above river,38.8162,-76.9216,"(38.816200000000002, -76.921599999999998)",Landslide,Other,Medium,Continuous rain,,0,0
6586,10/20/14,Zunil,7.03115,Natural slope,14.7836,-91.1836,"(14.7836, -91.183599999999998)",Landslide,Landslide,Small,Rain,,0,6
6591,01/04/2014,Abaetetuba,1.04062,Urban area,-1.7225,-48.8907,"(-1.7224999999999999, -48.890700000000002)",Landslide,Riverbank collapse,Medium,Unknown,,0,0
6603,12/25/14,Sutton,4.33884,Deforested slope,45.1058,-72.5613,"(45.105800000000002, -72.561300000000003)",Landslide,Landslide,Small,Unknown,,0,0
6607,12/27/14,Minturn,4.47152,Above road,39.556,-106.3967,"(39.555999999999997, -106.3967)",Landslide,Rockfall,Small,Unknown,,0,0
6617,01/03/2015,Challis,0.36084,Above road,44.5072,-114.2346,"(44.507199999999997, -114.2346)",Landslide,Rockfall,Medium,Earthquake,,0,0
6660,7/28/14,Purulhá,5.88787,Unknown,15.2322,-90.2417,"(15.232200000000001, -90.241699999999994)",Landslide,Landslide,Medium,Rain,,0,0
6661,9/23/14,Santa Catarina Pinula,2.70053,Unknown,14.5932,-90.4979,"(14.5932, -90.497900000000001)",Landslide,Landslide,Medium,Rain,,0,3
6662,12/20/14,Guatemala City,2.5962,Urban area,14.664,-90.5164,"(14.664, -90.516400000000004)",Landslide,Landslide,Medium,Rain,,0,0
6663,5/21/14,Highwood,2.92584,Bluff,42.2261,-87.8107,"(42.226100000000002, -87.810699999999997)",Landslide,Other,Small,Rain,,0,0
6664,03/12/2014,San Luis Ixcán,22.56101,Deforested slope,15.7318,-90.8924,"(15.7318, -90.892399999999995)",Landslide,Landslide,Medium,Downpour,,0,0
6665,07/04/2014,Jalpatagua,4.51954,Unknown,14.3666,-90.2848,"(14.3666, -90.284800000000004)",Landslide,Landslide,Medium,Downpour,,0,0
6666,9/27/14,Cuilco,3.30989,Below road,15.3975,-91.9955,"(15.397500000000001, -91.995500000000007)",Landslide,Landslide,Medium,Downpour,,0,0
6667,10/31/14,Chinautla,5.94535,Urban area,14.674,-90.457,"(14.673999999999999, -90.456999999999994)",Landslide,Landslide,Small,Downpour,,3,1
6668,6/24/14,Chinique,3.98185,Unknown,15.0771,-91.0096,"(15.0771, -91.009600000000006)",Landslide,Landslide,Medium,Rain,,0,2
6669,9/27/14,Tacaná,0.75729,Unknown,15.2422,-92.0738,"(15.2422, -92.073800000000006)",Landslide,Landslide,Medium,Rain,,0,2
6670,11/14/14,Barbosa,7.78677,Mine construction,6.5046,-75.3081,"(6.5045999999999999, -75.308099999999996)",Landslide,Landslide,Medium,Unknown,,1,2
6672,10/13/14,Sinuapa,2.00805,Below road,14.4579,-89.1666,"(14.4579, -89.166600000000003)",Landslide,Landslide,Medium,Downpour,,0,0
6673,08/10/2014,Desamparados,5.12667,Above road,9.9189,-84.4693,"(9.9189000000000007, -84.469300000000004)",Landslide,Rockfall,Small,Rain,,0,0
6674,9/29/14,Cuenca,13.21139,Above road,-2.847,-79.1108,"(-2.847, -79.110799999999998)",Landslide,Rockfall,Small,Unknown,,0,0
6675,5/22/14,San Rafael Oriente,10.06695,Unknown,13.4379,-88.2756,"(13.437900000000001, -88.275599999999997)",Landslide,Debris flow,Medium,Rain,,0,0
6679,4/21/14,San Martín,8.82525,Mine construction,13.8379,-88.8571,"(13.837899999999999, -88.857100000000003)",Landslide,Landslide,Medium,Unknown,,2,1
6680,4/30/14,Zamora,1.23724,Urban area,-4.0602,-78.9638,"(-4.0602, -78.963800000000006)",Landslide,Landslide,Small,Downpour,,0,3
6681,10/15/14,Nahuizalco,4.23875,Unknown,13.7895,-89.7739,"(13.7895, -89.773899999999998)",Landslide,Landslide,Medium,Continuous rain,,0,0
6682,10/15/14,Sonzacate,3.22235,Unknown,13.7135,-89.6938,"(13.7135, -89.693799999999996)",Landslide,Landslide,Medium,Continuous rain,,0,0
6683,10/15/14,San Pedro Masahuat,0.31933,Above river,13.5461,-89.0401,"(13.546099999999999, -89.040099999999995)",Landslide,Landslide,Medium,Continuous rain,,0,0
6684,10/15/14,Chirilagua,9.97227,Other,13.293,-88.0843,"(13.292999999999999, -88.084299999999999)",Landslide,Landslide,Medium,Continuous rain,,0,0
6685,10/12/2014,Coatepeque,8.8321,Unknown,14.0007,-89.4691,"(14.0007, -89.469099999999997)",Landslide,Landslide,Medium,Rain,,2,3
6686,10/12/2014,Santa Tecla,4.60655,Above road,13.6905,-89.32,"(13.6905, -89.32)",Landslide,Landslide,Medium,Rain,,0,0
6687,10/12/2014,Antiguo Cuscatlán,3.25227,Retaining wall,13.6891,-89.2361,"(13.6891, -89.236099999999993)",Landslide,Other,Small,Rain,,0,0
6688,01/05/2014,Chocaman,1.93516,Unknown,19.0294,-97.0355,"(19.029399999999999, -97.035499999999999)",Landslide,Landslide,Medium,Rain,,0,0
6689,7/31/14,Agua Azul Rancho,0.97057,Above road,14.8955,-87.9423,"(14.8955, -87.942300000000003)",Landslide,Landslide,Small,Unknown,,0,0
6690,11/19/14,Huachis,3.26788,Above road,-9.3884,-77.1255,"(-9.3884000000000007, -77.125500000000002)",Landslide,Landslide,Medium,Downpour,,0,0
6691,10/14/14,Agualote,2.91594,Mine construction,15.309,-88.551,"(15.308999999999999, -88.551000000000002)",Landslide,Landslide,Medium,Rain,,0,1
6692,11/23/14,Altagracia,1.97784,Other,11.5644,-85.5964,"(11.564399999999999, -85.596400000000003)",Landslide,Landslide,Medium,Unknown,,0,1
6693,10/09/2014,Altagracia,5.77119,Natural slope,11.5366,-85.622,"(11.5366, -85.622)",Landslide,Landslide,Large,Rain,,0,0
6694,10/09/2014,San Carlos,0.67752,Unknown,11.1297,-84.7783,"(11.1297, -84.778300000000002)",Landslide,Landslide,Medium,Rain,,0,0
6695,9/13/14,Cartago,3.07297,Below road,9.8895,-83.9316,"(9.8895, -83.931600000000003)",Landslide,Landslide,Small,Rain,,0,0
6696,12/13/14,Dulce Nombre de Jesus,10.0131,Unknown,10.2054,-83.9041,"(10.205399999999999, -83.9041)",Landslide,Landslide,Medium,Unknown,,0,0
6697,11/03/2014,Dulce Nombre de Jesus,2.92605,Above road,10.127,-83.9673,"(10.127000000000001, -83.967299999999994)",Landslide,Landslide,Medium,Rain,,0,0
6698,9/19/14,San Isidro,10.73752,Unknown,9.4359,-83.6303,"(9.4359000000000002, -83.630300000000005)",Landslide,Landslide,Medium,Rain,,0,0
6699,09/12/2014,Volcán,0.35187,Above road,8.7636,-82.6342,"(8.7636000000000003, -82.634200000000007)",Landslide,Landslide,Small,Rain,,0,0
6700,9/25/14,Río Sereno,0.64491,Above road,8.8229,-82.8416,"(8.8229000000000006, -82.8416)",Landslide,Landslide,Medium,Downpour,,0,0
6701,9/14/14,Alcaldedíaz,1.41526,Urban area,9.1139,-79.5626,"(9.1138999999999992, -79.562600000000003)",Landslide,Other,Small,Rain,,0,0
6702,05/09/2014,Nuevo San Juan,4.74914,Below road,9.2924,-79.7478,"(9.2924000000000007, -79.747799999999998)",Landslide,Landslide,Small,Downpour,,0,0
6703,6/17/14,San Miguelito,4.18074,Unknown,9.0329,-79.538,"(9.0328999999999997, -79.537999999999997)",Landslide,Mudslide,Medium,Unknown,,0,0
6704,8/17/14,Cerro Punta,3.33873,Unknown,8.8528,-82.5969,"(8.8528000000000002, -82.596900000000005)",Landslide,Landslide,Small,Downpour,,0,0
6705,6/24/14,Ancón,2.24069,Below road,8.9763,-79.5391,"(8.9763000000000002, -79.539100000000005)",Landslide,Landslide,Small,Unknown,,0,0
6706,08/03/2014,Santo Domingo Este,3.98059,Urban area,18.5225,-69.8693,"(18.522500000000001, -69.869299999999996)",Landslide,Landslide,Medium,Tropical cyclone,Bertha,0,0
6707,11/07/2014,Luperón,1.54885,Below road,19.9053,-70.963,"(19.9053, -70.962999999999994)",Landslide,Landslide,Medium,Rain,,0,0
6708,5/18/14,Vega Alta,3.4909,Mine construction,18.3806,-66.3319,"(18.380600000000001, -66.331900000000005)",Landslide,Other,Small,Rain,,0,0
6709,9/24/14,Aguada,1.40257,Unknown,18.3711,-67.1782,"(18.371099999999998, -67.178200000000004)",Landslide,Landslide,Medium,Downpour,,0,0
6710,8/24/14,Adjuntas,5.78872,Unknown,18.1283,-66.681,"(18.128299999999999, -66.680999999999997)",Landslide,Landslide,Small,Downpour,,0,0
6711,8/24/14,Adjuntas,6.89036,Unknown,18.1254,-66.67,"(18.125399999999999, -66.67)",Landslide,Landslide,Medium,Downpour,,0,0
6712,11/07/2014,Villalba,3.65535,Unknown,18.1578,-66.479,"(18.157800000000002, -66.478999999999999)",Landslide,Landslide,Medium,Unknown,,0,0
6713,11/01/2014,Okap,5.23459,Urban area,19.745,-72.2152,"(19.745000000000001, -72.215199999999996)",Landslide,Landslide,Medium,Downpour,,0,1
6722,5/27/14,Okap,1.58489,Unknown,19.7698,-72.2085,"(19.7698, -72.208500000000001)",Landslide,Landslide,Small,Continuous rain,,1,3
6731,1/21/15,Joseph,44.08725,Above road,45.2091,-116.7067,"(45.209099999999999, -116.7067)",Landslide,Rockfall,Small,Unknown,,0,0
6735,1/28/15,San Isidro,22.32368,Below road,9.7962,-83.9498,"(9.7962000000000007, -83.949799999999996)",Landslide,Landslide,Small,Continuous rain,,0,0
6738,02/01/2015,Alpine,1.38372,Urban area,32.8364,-116.7692,"(32.836399999999998, -116.7692)",Landslide,Rockfall,Small,Unknown,,0,0
6747,02/06/2015,Dulce Nombre de Jesus,8.39161,Above road,10.0757,-83.9822,"(10.075699999999999, -83.982200000000006)",Landslide,Mudslide,Medium,Downpour,,0,0
6787,2/21/15,Beaver Falls,7.52989,Above road,40.7643,-80.2315,"(40.764299999999999, -80.231499999999997)",Landslide,Landslide,Small,Unknown,,0,0
6791,2/21/15,Clifton Forge,2.3091,Above road,37.8116,-79.7989,"(37.811599999999999, -79.798900000000003)",Landslide,Landslide,Small,Snowfall snowmelt,,0,0
6796,2/21/15,Prestonsburg,5.08152,Natural slope,37.6251,-82.7982,"(37.625100000000003, -82.798199999999994)",Landslide,Mudslide,Medium,Snowfall snowmelt,,0,0
6801,2/23/15,Stearns,6.35327,Above road,36.7172,-84.5448,"(36.717199999999998, -84.544799999999995)",Landslide,Rockfall,Small,Snowfall snowmelt,,0,0
6809,03/02/2015,Coal Run Village,16.40897,Above road,37.4233,-82.7058,"(37.423299999999998, -82.705799999999996)",Landslide,Mudslide,Small,Snowfall snowmelt,,0,0
6811,03/04/2015,Morehead,1.53883,Above road,37.2573,-87.1772,"(37.257300000000001, -87.177199999999999)",Landslide,Mudslide,Medium,Rain,,0,0
6815,03/04/2015,Gilbert Creek,5.06344,Natural slope,37.6142,-81.8692,"(37.614199999999997, -81.869200000000006)",Landslide,Mudslide,Medium,Rain,,1,0
6816,03/04/2015,Gilbert Creek,9.35294,Above river,37.657,-81.9237,"(37.656999999999996, -81.923699999999997)",Landslide,Mudslide,Medium,Rain,,0,0
6817,03/05/2015,Sissonville,8.93549,Above river,38.5312,-81.7334,"(38.531199999999998, -81.733400000000003)",Landslide,Mudslide,Medium,Snowfall snowmelt,,0,0
6818,03/04/2015,Inez,12.32235,Above road,37.8343,-82.4048,"(37.834299999999999, -82.404799999999994)",Landslide,Mudslide,Small,Rain,,0,0
6819,03/04/2015,Williamson,16.94705,Above road,37.6322,-82.0927,"(37.632199999999997, -82.092699999999994)",Landslide,Mudslide,Medium,Rain,,0,0
6820,03/04/2015,Harlan,12.77232,Natural slope,36.8619,-83.1806,"(36.861899999999999, -83.180599999999998)",Landslide,Mudslide,Medium,Downpour,,0,0
6821,03/04/2015,Rand,5.77112,Above road,38.2942,-81.6267,"(38.294199999999996, -81.6267)",Landslide,Other,Small,Rain,,0,0
6822,03/04/2015,Charleston,6.40459,Above road,38.395,-81.5871,"(38.395000000000003, -81.587100000000007)",Landslide,Other,Small,Rain,,0,0
6823,03/04/2015,Montgomery,3.66745,Above road,38.1935,-81.3669,"(38.1935, -81.366900000000001)",Landslide,Other,Medium,Rain,,0,0
6824,03/04/2015,Logan,2.59792,Unknown,37.8356,-81.969,"(37.835599999999999, -81.968999999999994)",Landslide,Mudslide,Medium,Rain,,0,0
6825,03/03/2015,Welch,18.30387,Above road,37.4076,-81.7889,"(37.407600000000002, -81.788899999999998)",Landslide,Mudslide,Medium,Rain,,0,0
6828,03/03/2015,Naranjos,12.70296,Above road,-5.7135,-77.6081,"(-5.7134999999999998, -77.608099999999993)",Landslide,Landslide,Medium,Downpour,,0,0
6829,03/04/2015,Tarapoto,2.89809,Unknown,-6.4859,-76.3867,"(-6.4859, -76.386700000000005)",Landslide,Mudslide,Medium,Rain,,0,0
6831,03/06/2015,Cumberland,7.52192,Mine construction,36.9822,-82.8934,"(36.982199999999999, -82.8934)",Landslide,Mudslide,Medium,Snowfall snowmelt,,0,0
6832,03/05/2015,Williamson,9.26151,Above road,37.7219,-82.31,"(37.721899999999998, -82.31)",Landslide,Mudslide,Medium,Rain,,0,0
6833,03/04/2015,Gilbert Creek,7.28713,Above road,37.64,-81.8769,"(37.64, -81.876900000000006)",Landslide,Mudslide,Small,Rain,,0,0
6834,03/05/2015,Whitesburg,1.49011,Mine construction,37.1306,-82.834,"(37.130600000000001, -82.834000000000003)",Landslide,Mudslide,Medium,Rain,,0,0
6835,03/04/2015,Hazard,11.13295,Above road,37.336,-83.1295,"(37.335999999999999, -83.129499999999993)",Landslide,Mudslide,Small,Snowfall snowmelt,,0,0
6836,03/05/2015,Sophia,2.71773,Above road,37.7028,-81.2565,"(37.702800000000003, -81.256500000000003)",Landslide,Mudslide,Small,Rain,,0,0
6837,03/05/2015,Moundsville,16.23811,Below road,39.838,-80.6061,"(39.838000000000001, -80.606099999999998)",Landslide,Mudslide,Medium,Rain,,0,0
6838,03/05/2015,Wise,2.94501,Natural slope,36.9972,-82.556,"(36.997199999999999, -82.555999999999997)",Landslide,Landslide,Small,Rain,,0,0
6843,03/09/2015,West Liberty,5.64478,Above road,37.4164,-82.7851,"(37.416400000000003, -82.7851)",Landslide,Mudslide,Medium,Unknown,,0,0
6844,03/09/2015,Hindman,9.63545,Above road,37.335,-82.8717,"(37.335000000000001, -82.871700000000004)",Landslide,Mudslide,Medium,Unknown,,0,0
6845,03/07/2015,Big Stone Gap,4.51597,Above road,36.9186,-82.7256,"(36.918599999999998, -82.7256)",Landslide,Mudslide,Medium,Rain,,0,0
6848,03/04/2015,Grundy,17.52647,Unknown,37.4221,-82.0184,"(37.4221, -82.0184)",Landslide,Mudslide,Medium,Rain,,0,0
6850,03/10/2015,Fairlea,2.82396,Above road,37.7663,-80.4306,"(37.766300000000001, -80.430599999999998)",Landslide,Mudslide,Small,Rain,,0,1
6853,03/09/2015,Hartford,3.14055,Below road,37.4774,-86.9225,"(37.477400000000003, -86.922499999999999)",Landslide,Landslide,Medium,Rain,,0,0
6854,03/10/2015,Yonkers,1.05895,Retaining wall,40.9387,-73.8896,"(40.938699999999997, -73.889600000000002)",Landslide,Mudslide,Small,Unknown,,0,0
6855,03/10/2015,Bellevue,1.19499,Above road,39.1139,-84.4888,"(39.113900000000001, -84.488799999999998)",Landslide,Mudslide,Small,Rain,,0,0
6858,03/10/2015,Chattanooga Valley,3.71673,Above road,34.9053,-85.3786,"(34.905299999999997, -85.378600000000006)",Landslide,Mudslide,Small,Continuous rain,,0,0
6859,03/12/2015,Charleston,3.35071,Mine construction,38.3686,-81.6026,"(38.368600000000001, -81.602599999999995)",Landslide,Landslide,Medium,Rain,,0,0
6860,03/11/2015,Williamson,0.84799,Above road,37.6758,-82.2679,"(37.675800000000002, -82.267899999999997)",Landslide,Rockfall,Small,Continuous rain,,0,0
6861,03/11/2015,Williamson,0.51702,Natural slope,37.676,-82.2719,"(37.676000000000002, -82.271900000000002)",Landslide,Mudslide,Small,Continuous rain,,0,0
6862,03/12/2015,Youngstown,1.20691,Below road,41.1006,-80.6351,"(41.1006, -80.635099999999994)",Landslide,Mudslide,Small,Unknown,,0,0
6875,3/15/15,Aspinwall,0.87791,Above road,40.4836,-79.9043,"(40.483600000000003, -79.904300000000006)",Landslide,Other,Small,Unknown,,0,0
6879,3/17/15,Pikeville,0.29989,Above road,37.478,-82.5158,"(37.478000000000002, -82.515799999999999)",Landslide,Unknown,Medium,Unknown,,0,0
6886,3/17/15,Fort Thomas,0.7855,Above road,39.0779,-84.4388,"(39.0779, -84.438800000000001)",Landslide,Mudslide,Small,Unknown,,0,0
6888,3/18/15,Wintersville,7.93943,Below road,40.4115,-80.7844,"(40.411499999999997, -80.784400000000005)",Landslide,Landslide,Small,Unknown,,0,0
6893,3/18/15,Macará,18.88784,Above road,-4.3313,-79.7811,"(-4.3312999999999997, -79.781099999999995)",Landslide,Landslide,Small,Continuous rain,,0,0
6900,3/18/15,Loja,1.82885,Unknown,-4.0094,-79.2073,"(-4.0094000000000003, -79.207300000000004)",Landslide,Landslide,Medium,Continuous rain,,0,0
6901,3/18/15,Catamayo,17.57187,Above road,-4.138,-79.4069,"(-4.1379999999999999, -79.406899999999993)",Landslide,Landslide,Medium,Continuous rain,,0,0
6902,3/18/15,Cuenca,10.16196,Above road,-2.866,-79.0892,"(-2.8660000000000001, -79.089200000000005)",Landslide,Landslide,Medium,Continuous rain,,0,0
6903,03/06/2015,Inez,7.14177,Above road,37.9176,-82.4895,"(37.9176, -82.489500000000007)",Landslide,Mudslide,Medium,Rain,,0,0
6914,3/21/15,San Francisco,1.4794,Natural slope,1.1656,-76.8755,"(1.1656, -76.875500000000002)",Landslide,Landslide,Medium,Unknown,,0,0
6916,5/18/15,Salgar,3.09014,Deforested slope,5.9681,-76.0113,"(5.9680999999999997, -76.011300000000006)",Landslide,Mudslide,Large,Rain,,40,92
6918,3/20/15,Harrison,10.15474,Below road,36.1807,-93.203,"(36.180700000000002, -93.203000000000003)",Landslide,Landslide,Small,Unknown,,0,0
6920,3/14/15,Day Heights,2.40349,Below road,39.1537,-84.2361,"(39.153700000000001, -84.236099999999993)",Landslide,Landslide,Small,Flooding,,0,0
6940,6/19/15,Stratmoor,6.75748,Natural slope,38.7714,-104.8574,"(38.7714, -104.8574)",Landslide,Landslide,Medium,Continuous rain,,0,0
6943,6/17/15,La Fortuna,5.96634,Below road,10.44,-84.6089,"(10.44, -84.608900000000006)",Landslide,Landslide,Small,Continuous rain,,0,0
6951,6/21/15,Saint James,4.05258,Unknown,39.544,-77.7175,"(39.543999999999997, -77.717500000000001)",Landslide,Mudslide,Small,Downpour,,0,0
6952,6/18/15,Longtown,19.40495,Below road,35.1087,-95.6457,"(35.108699999999999, -95.645700000000005)",Landslide,Mudslide,Small,Continuous rain,,0,0
6953,6/18/15,Blawnox,2.15077,Above road,40.481,-79.8801,"(40.481000000000002, -79.880099999999999)",Landslide,Landslide,Small,,,0,0
6954,6/18/15,Davis,7.00621,Above road,34.4406,-97.128,"(34.440600000000003, -97.128)",Landslide,Landslide,Small,Tropical cyclone,Tropical Storm Bill,0,0
6955,6/16/15,Cody,74.46097,Above road,44.4944,-109.9919,"(44.494399999999999, -109.9919)",Landslide,mudslide,Small,Downpour,,0,0
6956,6/16/15,Ozark,25.20737,Natural slope,35.7131,-93.8001,"(35.713099999999997, -93.8001)",Landslide,Landslide,Small,Continuous rain,,0,0
6957,6/16/15,Johnstown,0.59899,Above road,40.3315,-78.9253,"(40.331499999999998, -78.925299999999993)",Landslide,Landslide,Small,Continuous rain,,0,0
6958,6/15/15,Milford,6.74021,Unknown,40.5606,-75.1735,"(40.560600000000001, -75.173500000000004)",Landslide,Mudslide,Small,Flooding,,0,0
6960,06/10/2015,Northport,7.27361,Below road,33.2907,-87.5506,"(33.290700000000001, -87.550600000000003)",Landslide,Landslide,Medium,Continuous rain,,0,0
6986,6/13/15,Jambaló,8.81287,Above road,2.8696,-76.3034,"(2.8696000000000002, -76.303399999999996)",Landslide,Landslide,Medium,Rain,,0,0
6987,6/23/15,Oakland,2.35897,Above river,40.9822,-80.3433,"(40.982199999999999, -80.343299999999999)",Landslide,Landslide,Medium,Unknown,,0,0
6991,06/05/2015,Page,3.587,Above road,36.9346,-111.4876,"(36.934600000000003, -111.4876)",Landslide,Mudslide,Small,Downpour,,0,0
6994,4/29/15,Steamboat Springs,0.83297,Natural slope,40.4802,-106.8393,"(40.480200000000004, -106.83929999999999)",Landslide,Landslide,Medium,Continuous rain,,0,0
6999,06/03/2015,Atenas,6.80061,Above road,9.9451,-84.3678,"(9.9451000000000001, -84.367800000000003)",Landslide,Rockfall,Medium,Downpour,,0,0
7008,6/27/15,Cimarron,10.23698,Above road,36.5499,-104.8122,"(36.549900000000001, -104.8122)",Landslide,Rockslide,Medium,Unknown,,0,0
7009,6/27/15,West Conshohocken,0.98504,Above road,40.0707,-75.3278,"(40.070700000000002, -75.327799999999996)",Landslide,Mudslide,Small,Downpour,,0,0
7017,06/02/2015,Paterson,0.67691,Natural slope,40.9213,-74.1772,"(40.921300000000002, -74.177199999999999)",Landslide,Rockfall,Small,Downpour,,0,0
7019,5/30/15,Provo,2.90388,Natural slope,40.2506,-111.6324,"(40.250599999999999, -111.6324)",Landslide,Landslide,Small,Continuous rain,,0,0
7024,5/31/15,New Brighton,1.00035,,40.7217,-80.3132,"(40.721699999999998, -80.313199999999995)",Landslide,Mudslide,Small,Downpour,,0,0
7025,5/29/15,Muskogee,12.21464,Natural slope,35.6601,-95.2882,"(35.6601, -95.288200000000003)",Landslide,Mudslide,Small,Downpour,,0,0
7030,6/24/15,Thermopolis,16.58878,Above road,43.5009,-108.164,"(43.500900000000001, -108.164)",Landslide,Landslide,Medium,Downpour,,0,0
7042,,Oregon,14.54524,Above road,39.9892,-95.3153,"(39.989199999999997, -95.315299999999993)",Landslide,Mudslide,Small,Downpour,,0,0
7046,5/23/15,Talihina,33.62663,Unknown,34.5208,-95.2859,"(34.520800000000001, -95.285899999999998)",Landslide,Landslide,Small,Flooding,,0,0
7047,05/11/2015,Golden,2.66154,Natural slope,39.779,-105.2274,"(39.779000000000003, -105.2274)",Landslide,Mudslide,Small,Continuous rain,,0,0
7048,5/21/15,Colorado Springs,2.193,Urban area,38.8327,-104.8466,"(38.832700000000003, -104.8466)",Landslide,Mudslide,Medium,Continuous rain,,0,0
7049,5/20/15,West Yellowstone,48.56269,Natural slope,44.7184,-110.4966,"(44.718400000000003, -110.4966)",Landslide,Rockfall,Small,Downpour,,0,0
7051,5/19/15,Lincoln Park,15.35824,Unknown,38.2967,-105.2706,"(38.296700000000001, -105.2706)",Landslide,Mudslide,Small,Continuous rain,,0,0
7052,5/19/15,Penrose,15.46134,Above road,38.5514,-105.0973,"(38.551400000000001, -105.0973)",Landslide,Landslide,Medium,Continuous rain,,0,0
7053,5/19/15,Penrose,15.49683,Below road,38.5526,-105.0948,"(38.552599999999998, -105.09480000000001)",Landslide,Landslide,Medium,Continuous rain,,0,0
7054,5/20/15,Whitesburg,2.84945,Above road,37.123,-82.7953,"(37.122999999999998, -82.795299999999997)",Landslide,Landslide,Small,Unknown,,0,0
7055,5/19/15,Owen Sound,1.84109,Natural slope,44.5687,-80.9204,"(44.5687, -80.920400000000001)",Landslide,Mudslide,Small,Unknown,,0,0
7056,5/17/15,La Esperanza [Granjas Familiares],6.46156,Urban area,32.5196,-117.0898,"(32.519599999999997, -117.0898)",Landslide,Landslide,Medium,Rain,,0,0
7060,5/13/15,Air Force Academy,8.38116,Natural slope,38.9218,-104.8365,"(38.921799999999998, -104.8365)",Landslide,Landslide,Small,Continuous rain,,0,0
7064,05/10/2015,Coal Hill,7.09417,Above road,35.5008,-93.6821,"(35.500799999999998, -93.682100000000005)",Landslide,Landslide,Small,Downpour,,0,0
7065,05/09/2015,Millvale,2.96684,Natural slope,40.4849,-80.0128,"(40.484900000000003, -80.012799999999999)",Landslide,Landslide,Small,Unknown,,0,0
7078,07/02/2015,Buena Vista,15.55972,Above road,38.7809,-106.2922,"(38.780900000000003, -106.29219999999999)",Landslide,Mudslide,Medium,Unknown,,0,0
7080,,Chagrin Falls,0.71363,Unknown,41.4312,-81.392,"(41.431199999999997, -81.391999999999996)",Landslide,Landslide,Small,Unknown,,0,0
7082,07/03/2015,Silverton,3.25081,Above road,37.7827,-107.6666,"(37.782699999999998, -107.6666)",Landslide,Landslide,Small,Unknown,,0,0
7085,6/30/15,Rising Sun,1.04697,Natural slope,38.9424,-84.8459,"(38.942399999999999, -84.8459)",Landslide,Landslide,Small,Downpour,,0,0
7114,07/08/2015,Loma,7.43165,Above road,39.2233,-108.8895,"(39.223300000000002, -108.8895)",Landslide,Mudslide,Small,Continuous rain,,0,0
7115,07/07/2015,Burlington,2.92655,Natural slope,38.384,-82.5201,"(38.384, -82.520099999999999)",Landslide,Creep,Small,Continuous rain,,0,0
7120,4/27/15,Hazard,2.49307,Above road,37.2685,-83.2082,"(37.268500000000003, -83.208200000000005)",Landslide,Landslide,Small,Unknown,,0,0
7122,4/23/15,Whitesburg,0.0552,Natural slope,37.1184,-82.8262,"(37.118400000000001, -82.8262)",Landslide,Mudslide,Small,Downpour,,0,0
7124,4/20/15,Delmar,2.22929,Above river,42.6404,-73.8216,"(42.6404, -73.821600000000004)",Landslide,Landslide,Medium,Construction,,0,0
7128,4/20/15,Prestonsburg,11.00729,Above road,37.6041,-82.6886,"(37.604100000000003, -82.688599999999994)",Landslide,Mudslide,Small,Unknown,,0,0
7129,4/20/15,D'Iberville,0.98037,Above river,30.4273,-88.8807,"(30.427299999999999, -88.880700000000004)",Landslide,landslide,Small,Continuous rain,,0,0
7130,4/19/15,West Newton,6.55886,Above road,40.1548,-79.7389,"(40.154800000000002, -79.738900000000001)",Landslide,Landslide,Medium,Unknown,,0,0
7132,4/17/15,Keyser,3.89837,Above road,39.4631,-79.009,"(39.463099999999997, -79.009)",Landslide,Landslide,Small,Downpour,,0,0
7135,4/18/15,South Charleston,3.94457,Above road,38.3986,-81.7234,"(38.398600000000002, -81.723399999999998)",Landslide,Mudslide,Small,Unknown,,0,0
7136,4/17/15,Cheswick,0.91573,Below road,40.5453,-79.809,"(40.545299999999997, -79.808999999999997)",Landslide,Landslide,Small,Unknown,,0,0
7137,4/17/15,Digby,11.62624,Below road,44.5644,-65.6362,"(44.564399999999999, -65.636200000000002)",Landslide,,,Unknown,,0,0
7142,07/07/2015,Telluride,9.99621,Deforested slope,37.8514,-107.7791,"(37.851399999999998, -107.7791)",Landslide,Landslide,Medium,Continuous rain,,0,0
7143,4/14/15,Pikeville,8.67856,Above road,37.4038,-82.4931,"(37.403799999999997, -82.493099999999998)",Landslide,Mudslide,Medium,Downpour,,0,0
7144,4/14/15,Prestonsburg,9.99553,Natural slope,37.5761,-82.7592,"(37.576099999999997, -82.759200000000007)",Landslide,Landslide,Small,Downpour,,0,0
7145,4/14/15,Richmond,11.13705,Above road,37.8061,-84.3976,"(37.806100000000001, -84.397599999999997)",Landslide,Mudslide,Small,Downpour,,0,0
7146,4/14/15,Williamsburg,9.77108,Above road,36.6878,-84.2444,"(36.687800000000003, -84.244399999999999)",Landslide,Landslide,Small,Downpour,,0,0
7147,4/14/15,Frenchburg,14.80972,Above road,37.9951,-83.4667,"(37.995100000000001, -83.466700000000003)",Landslide,Rockfall,Small,Downpour,,0,0
7149,4/14/15,Prestonsburg,12.65382,Above road,37.5986,-82.8875,"(37.598599999999998, -82.887500000000003)",Landslide,Mudslide,Medium,Downpour,,0,0
7150,4/14/15,Hazard,4.39348,Above road,37.2859,-83.2128,"(37.285899999999998, -83.212800000000001)",Landslide,Mudslide,Small,Downpour,,0,0
7151,04/11/2015,Saint Marys,7.15698,Above road,39.4396,-81.1495,"(39.439599999999999, -81.149500000000003)",Landslide,Landslide,Small,Continuous rain,,0,0
7152,04/10/2015,Glendale,3.55282,Natural slope,39.9582,-80.7942,"(39.958199999999998, -80.794200000000004)",Landslide,Landslide,Medium,Continuous rain,,0,0
7153,04/10/2015,Brilliant,4.71099,Above road,40.2278,-80.6534,"(40.227800000000002, -80.653400000000005)",Landslide,Landslide,Small,Continuous rain,,0,0
7154,04/10/2015,Teays Valley,3.37673,Above road,38.4803,-81.9246,"(38.4803, -81.924599999999998)",Landslide,Landslide,Small,Continuous rain,,0,0
7162,07/12/2015,Oakmont,1.28701,Above road,40.5147,-79.8543,"(40.514699999999998, -79.854299999999995)",Landslide,Rockfall,Small,Unknown,,1,0
7163,07/08/2015,Questa,14.70736,Above road,36.7069,-105.4304,"(36.706899999999997, -105.43040000000001)",Landslide,Mudslide,Medium,Continuous rain,,0,0
7165,,Rockport,8.43158,Above road,39.869,-87.1816,"(39.869, -87.181600000000003)",Landslide,Landslide,Small,Rain,,0,0
7179,07/06/2015,Ángeles,9.53611,Above road,10.0678,-84.0033,"(10.0678, -84.003299999999996)",Landslide,Landslide,Small,Downpour,,0,0
7180,07/06/2015,Dulce Nombre de Jesus,3.71407,Above road,10.1495,-83.9436,"(10.1495, -83.943600000000004)",Landslide,Landslide,Small,Downpour,,0,0
7181,04/03/2015,Pikeville,6.27087,Other,37.4264,-82.4939,"(37.426400000000001, -82.493899999999996)",Landslide,Mudslide,Small,Downpour,,0,0
7182,04/03/2015,Lesage,0.02568,Above road,38.5063,-82.2986,"(38.506300000000003, -82.298599999999993)",Landslide,Mudslide,Small,Downpour,,0,0
7183,04/03/2015,Prestonsburg,3.12273,Above road,37.6824,-82.7776,"(37.682400000000001, -82.777600000000007)",Landslide,Mudslide,Small,Downpour,,0,0
7187,04/02/2015,Peninsula,4.27554,Above river,41.215,-81.59,"(41.215000000000003, -81.59)",Landslide,Riverbank collapse,Small,Unknown,,0,0
7193,7/13/15,Sutton,18.39748,Above road,38.499,-80.7205,"(38.499000000000002, -80.720500000000001)",Landslide,Landslide,Small,Continuous rain,,0,0
7197,07/12/2015,Bethany,1.55911,Above road,40.21,-80.5741,"(40.21, -80.574100000000001)",Landslide,Landslide,Small,Continuous rain,,0,0
7199,7/14/15,Oak Hill,10.37446,Above road,38.9643,-82.4948,"(38.964300000000001, -82.494799999999998)",Landslide,Mudslide,Small,Downpour,,0,0
7200,7/14/15,Erwin,7.88881,Above road,36.2032,-82.4673,"(36.203200000000002, -82.467299999999994)",Landslide,Landslide,Small,Continuous rain,,0,0
7201,7/14/15,Clendenin,0.17162,Above road,38.4875,-81.3494,"(38.487499999999997, -81.349400000000003)",Landslide,Mudslide,Small,Continuous rain,,0,0
7216,7/13/15,Webster Springs,9.96486,Above road,38.5653,-80.4459,"(38.565300000000001, -80.445899999999995)",Landslide,Landslide,Small,Downpour,,0,0
7217,7/13/15,Webster Springs,0.16161,Above road,38.4807,-80.4138,"(38.480699999999999, -80.413799999999995)",Landslide,Landslide,Small,downpour,,0,0
7218,07/11/2015,Hannibal,2.42844,Below road,39.7281,-91.3708,"(39.728099999999998, -91.370800000000003)",Landslide,Landslide,Small,Continuous rain,,0,0
7219,7/14/15,Pikeville,10.52676,Above road,37.4078,-82.4405,"(37.407800000000002, -82.4405)",Landslide,Landslide,Small,Continuous rain,,0,0
7228,7/19/15,La Mesa,4.97056,Above road,32.7738,-117.1282,"(32.773800000000001, -117.12820000000001)",Landslide,Rockfall,Small,Downpour,,0,0
7229,7/19/15,Ramona,4.85697,Above road,33.0742,-116.9029,"(33.074199999999998, -116.9029)",Landslide,Landslide,Small,Downpour,,0,0
7230,7/19/15,Julian,4.69959,Above road,33.098,-116.6468,"(33.097999999999999, -116.6468)",Landslide,Landslide,Small,Downpour,,0,0
7231,7/19/15,San Diego Country Estates,7.62002,Above road,33.0681,-116.7469,"(33.068100000000001, -116.7469)",Landslide,Landslide,Small,Downpour,,0,0
7232,7/19/15,Ramona,3.13754,Below road,33.05,-116.836,"(33.049999999999997, -116.836)",Landslide,Landslide,small,Downpour,,0,0
7233,7/19/15,Niland,53.76298,Below road,33.712,-115.3871,"(33.712000000000003, -115.3871)",Landslide,Landslide,Medium,Downpour,,1,0
7235,7/18/15,Dayton,1.56996,Above road,39.1252,-84.4639,"(39.1252, -84.463899999999995)",Landslide,Mudslide,Small,Downpour,,0,0
7237,07/10/2015,Fulton,16.39489,Other,38.8999,-92.1242,"(38.899900000000002, -92.124200000000002)",Landslide,Mudslide,Small,Continuous rain,,0,0
7240,7/18/15,Yucaipa,10.37615,Above road,34.1036,-116.9702,"(34.1036, -116.97020000000001)",Landslide,Rockfall,Small,Downpour,,0,0
7257,7/21/15,Montgomery,1.33142,Above road,38.1838,-81.3139,"(38.183799999999998, -81.313900000000004)",Landslide,Landslide,Small,Downpour,,0,0
7290,7/27/15,Hatfield,3.49144,Above road,42.3902,-72.7216,"(42.3902, -72.721599999999995)",Landslide,Mudslide,Medium,Downpour,,0,0
7291,7/27/15,Chesterfield,6.53153,Above road,42.443,-72.801,"(42.442999999999998, -72.801000000000002)",Landslide,Mudslide,Small,Downpour,,0,0
7322,8/13/15,Woodland Hills,0.75074,Natural slope,40.0086,-111.6421,"(40.008600000000001, -111.6421)",Landslide,Mudslide,Small,Downpour,,0,0
7340,8/15/15,Colorado Springs,3.81487,Urban area,38.8113,-104.8545,"(38.811300000000003, -104.8545)",Landslide,Landslide,Small,Rain,,0,0
7343,10/01/2015,Santa Catarina Pinula,0.94245,Urban area,14.5755,-90.4959,"(14.5755, -90.495900000000006)",Landslide,Mudslide,Medium,Rain,,0,280
7344,10/02/2015,Black Mountain,7.96582,Above road,35.6542,-82.2454,"(35.654200000000003, -82.245400000000004)",Landslide,Mudslide,Small,Rain,,0,0
7345,10/19/15,Santa Catarina Pinula,3.96161,Above road,14.5572,-90.53,"(14.5572, -90.53)",Landslide,Mudslide,Small,Tropical cyclone,,0,0
7346,10/19/15,Santa María Ixhuatán,0.82332,Above road,14.1974,-90.2743,"(14.1974, -90.274299999999997)",Landslide,Landslide,Medium,Tropical cyclone,,0,0
7347,10/19/15,San Juan Bautista,3.47803,Above road,14.3855,-91.1789,"(14.3855, -91.178899999999999)",Landslide,Landslide,Medium,Rain,,0,0
7348,7/19/15,Moreno Valley,5.33395,Natural slope,33.9805,-117.2564,"(33.980499999999999, -117.2564)",Landslide,Debris flow,Medium,Downpour,,0,0
7368,08/09/2015,LeChee,43.57781,Natural slope,36.7014,-111.886,"(36.7014, -111.886)",Landslide,Debris flow,Medium,Downpour,,0,0
7399,4/13/07,Homestead,3.7449,Unknown,40.4267,-79.9468,"(40.426699999999997, -79.946799999999996)",Landslide,Landslide,Medium,Unknown,,0,0
7402,1/29/16,Rivera,20.31227,Above road,2.7664,-75.074,"(2.7664, -75.073999999999998)",Landslide,Landslide,Small,Rain,,0,0
7403,4/29/11,Quito,4.25486,Above road,-0.2633,-78.5061,"(-0.26329999999999998, -78.506100000000004)",Landslide,Landslide,Medium,Rain,,1,0
7407,08/02/2015,Mapleton,21.52246,Above road,39.9963,-111.3962,"(39.996299999999998, -111.39619999999999)",Landslide,Mudslide,Small,Downpour,,0,0
7412,06/06/2015,Fraijanes,6.19218,Above road,14.4236,-90.4792,"(14.4236, -90.479200000000006)",Landslide,Landslide,Medium,Rain,,0,0
7413,9/27/15,Patzicía,5.52205,Above road,14.6614,-90.9681,"(14.6614, -90.968100000000007)",Landslide,Landslide,Medium,Rain,,0,0
7414,9/27/15,Mixco,1.87009,Above road,14.6167,-90.6097,"(14.6167, -90.609700000000004)",Landslide,Landslide,Medium,Rain,,0,0
7415,9/27/15,Petapa,4.20726,Above road,14.5337,-90.5289,"(14.5337, -90.528899999999993)",Landslide,Landslide,Medium,Rain,,0,0
7416,9/27/15,San Antonio Palopó,3.18658,Above road,14.7038,-91.0873,"(14.703799999999999, -91.087299999999999)",Landslide,Landslide,Medium,Rain,,0,0
7417,9/27/15,San Andrés Semetabaj,0.6704,Above road,14.744,-91.1344,"(14.744, -91.134399999999999)",Landslide,Landslide,Medium,Rain,,0,0
7418,9/27/15,Guatemala City,3.80312,Urban area,14.6317,-90.4792,"(14.6317, -90.479200000000006)",Landslide,Landslide,Medium,Rain,,0,0
7419,9/27/15,Guatemala City,1.6829,Urban area,14.6297,-90.5025,"(14.6297, -90.502499999999998)",Landslide,Landslide,Medium,Rain,,0,0
7420,9/27/15,Guatemala City,2.08425,Urban area,14.6219,-90.5119,"(14.6219, -90.511899999999997)",Landslide,Landslide,Medium,Rain,,0,0
7421,9/27/15,Guatemala City,3.25675,Unknown,14.6277,-90.4862,"(14.627700000000001, -90.486199999999997)",Landslide,Landslide,Medium,Rain,,0,0
7422,9/27/15,Guatemala City,3.49341,Unknown,14.6268,-90.4842,"(14.626799999999999, -90.484200000000001)",Landslide,Landslide,Medium,Rain,,0,0
7423,9/27/15,Guatemala City,1.83863,Urban area,14.6217,-90.4956,"(14.621700000000001, -90.495599999999996)",Landslide,Landslide,Medium,Rain,,0,0
7424,9/27/15,Guatemala City,1.57381,Urban area,14.6281,-90.5065,"(14.6281, -90.506500000000003)",Landslide,Landslide,Medium,Rain,,0,0
7425,9/27/15,Guatemala City,1.70147,Urban area,14.6429,-90.5352,"(14.642899999999999, -90.535200000000003)",Landslide,Landslide,Medium,Rain,,0,0
7426,9/27/15,Guatemala City,3.00314,Unknown,14.617,-90.4997,"(14.617000000000001, -90.499700000000004)",Landslide,Landslide,Medium,Rain,,0,0
7427,9/27/15,Chichicastenango,2.27725,Unknown,14.9233,-91.1352,"(14.923299999999999, -91.135199999999998)",Landslide,Landslide,Medium,Rain,,1,2
7428,07/11/2015,Chinautla,2.36376,Urban area,14.689,-90.4902,"(14.689, -90.490200000000002)",Landslide,Landslide,Medium,Rain,,0,0
7429,11/23/15,Chinautla,2.66358,Unknown,14.6881,-90.486,"(14.6881, -90.486000000000004)",Landslide,Landslide,Medium,Rain,,6,0
7430,10/07/2015,Libertad,4.8168,Unknown,17.3768,-92.7439,"(17.376799999999999, -92.743899999999996)",Landslide,Landslide,Medium,Rain,,0,0
7431,10/07/2015,Huapinol,2.15703,Unknown,17.91,-92.8956,"(17.91, -92.895600000000002)",Landslide,Landslide,Medium,Rain,,0,0
7432,9/23/15,Santa Catarina Barahona,1.452,Unknown,14.5558,-90.7998,"(14.5558, -90.799800000000005)",Landslide,Landslide,Medium,Continuous rain,,0,0
7433,10/15/15,Cahabón,5.14479,Unknown,15.5779,-89.7321,"(15.5779, -89.732100000000003)",Landslide,Landslide,Medium,Rain,,0,1
7434,05/04/2015,Nueva Concepción,8.25465,Above road,14.2202,-91.2264,"(14.2202, -91.226399999999998)",Landslide,Landslide,Medium,Unknown,,0,0
7435,11/24/15,Villa Canales,0.65744,Retaining wall,14.4758,-90.5312,"(14.4758, -90.531199999999998)",Landslide,Landslide,Small,Rain,,0,0
7436,09/06/2015,San Andrés Semetabaj,0.75685,Above road,14.7568,-91.1338,"(14.7568, -91.133799999999994)",Landslide,Debris flow,Medium,Rain,,0,0
7437,11/24/15,Belmopan,9.71758,Above road,17.2183,-88.8519,"(17.218299999999999, -88.851900000000001)",Landslide,Rockfall,Small,Mining digging,,0,0
7438,7/18/15,Ciudad Arce,1.1581,Above road,13.8464,-89.4502,"(13.846399999999999, -89.450199999999995)",Landslide,Landslide,Small,Rain,,0,0
7439,10/06/2015,Coatepeque,1.81216,Above road,14.7159,-91.8708,"(14.7159, -91.870800000000003)",Landslide,Landslide,Small,Rain,,0,0
7440,11/03/2015,Santa Tecla,4.67722,Unknown,13.7178,-89.2685,"(13.7178, -89.268500000000003)",Landslide,Mudslide,Medium,Rain,,0,0
7441,11/04/2015,Santa Tecla,9.87553,Retaining wall,13.7147,-89.3625,"(13.714700000000001, -89.362499999999997)",Landslide,Other,Small,Rain,,1,0
7442,10/19/15,Juayúa,0.49346,Unknown,13.8457,-89.7445,"(13.845700000000001, -89.744500000000002)",Landslide,Landslide,Medium,Downpour,,1,0
7443,06/09/2015,,1.90052,Above road,13.9616,-86.563,"(13.961600000000001, -86.563000000000002)",Landslide,Landslide,Medium,Unknown,,0,0
7444,10/29/15,San Juan,0.72957,Above road,9.9574,-84.0879,"(9.9573999999999998, -84.087900000000005)",Landslide,Landslide,Medium,Rain,,0,0
7445,9/17/15,Cruz Verde,2.478,Deforested slope,19.1331,-97.1317,"(19.133099999999999, -97.131699999999995)",Landslide,Landslide,Medium,Rain,,0,6
7446,9/28/15,El Lolo,1.85897,Urban area,14.1105,-87.2507,"(14.1105, -87.250699999999995)",Landslide,Landslide,Medium,Rain,,0,0
7447,9/28/15,Tegucigalpa,3.25281,Retaining wall,14.0651,-87.182,"(14.065099999999999, -87.182000000000002)",Landslide,Other,Small,Downpour,,0,0
7448,06/11/2015,Duyure,11.67237,Above road,13.5807,-86.9101,"(13.5807, -86.9101)",Landslide,Landslide,Medium,Rain,,0,0
7449,12/15/15,Corpus,0.36987,Mine construction,13.2861,-87.0329,"(13.286099999999999, -87.032899999999998)",Landslide,Rockfall,Small,Rain,,0,1
7450,09/07/2015,Nueva Providencia,0.18619,Unknown,9.2619,-79.8164,"(9.2619000000000007, -79.816400000000002)",Landslide,Landslide,Medium,Downpour,,0,0
7451,07/02/2015,María Chiquita,2.28589,Mine construction,9.4405,-79.7754,"(9.4405000000000001, -79.775400000000005)",Landslide,Other,Medium,Construction,,0,1
7452,11/16/15,Cativá,0.63948,Unknown,9.3626,-79.8221,"(9.3626000000000005, -79.822100000000006)",Landslide,Landslide,Medium,Rain,,0,0
7453,06/05/2015,Las Margaritas,0.48725,Above road,9.1805,-79.0896,"(9.1805000000000003, -79.089600000000004)",Landslide,Landslide,Medium,Downpour,,0,0
7454,10/16/15,El Sauce,7.28575,Above road,14.4837,-87.7152,"(14.483700000000001, -87.715199999999996)",Landslide,Rockfall,Medium,Rain,,0,0
7455,10/29/15,La Libertad,17.28613,Unknown,14.9064,-87.593,"(14.9064, -87.593000000000004)",Landslide,Landslide,Medium,Continuous rain,,0,1
7456,10/16/15,Concepción de Guasistagua,8.52584,Deforested slope,14.5742,-87.7286,"(14.574199999999999, -87.7286)",Landslide,Landslide,Medium,Rain,,0,5
7457,09/06/2015,Santa Rosa de Copán,0.74414,Urban area,14.7698,-88.7731,"(14.7698, -88.773099999999999)",Landslide,Landslide,Medium,Continuous rain,,0,0
7458,09/06/2015,Santa Rosa de Copán,0.28887,Urban area,14.7691,-88.78,"(14.7691, -88.78)",Landslide,Landslide,Medium,Continuous rain,,0,0
7459,11/21/15,Ojos de Agua,1.39095,Below road,14.6893,-88.8098,"(14.689299999999999, -88.809799999999996)",Landslide,Landslide,Medium,Rain,,0,1
7460,9/25/15,San José,4.69133,Unknown,14.2801,-87.9369,"(14.280099999999999, -87.936899999999994)",Landslide,Landslide,Medium,Rain,,0,0
7461,9/24/15,Lucerna,5.89721,Above road,14.6,-88.9144,"(14.6, -88.914400000000001)",Landslide,Landslide,Small,Rain,,0,0
7462,9/25/15,La Labor,5.79867,Above road,14.481,-89.0537,"(14.481, -89.053700000000006)",Landslide,Landslide,Small,Rain,,0,0
7463,6/13/15,Villa Nueva,2.0083,Above road,14.0468,-87.1528,"(14.046799999999999, -87.152799999999999)",Landslide,Rockfall,Medium,Rain,,0,0
7464,9/28/15,Ilama,2.87349,Above road,15.0909,-88.2072,"(15.0909, -88.2072)",Landslide,Rockfall,Small,Rain,,0,0
7465,5/13/15,Acapulco de Juárez,7.07138,Urban area,16.8989,-99.9452,"(16.898900000000001, -99.9452)",Landslide,Landslide,Medium,Construction,,0,0
7466,10/21/15,El Guapinol,3.54399,Above road,13.7645,-87.434,"(13.7645, -87.433999999999997)",Landslide,Rockfall,Medium,Unknown,,0,0
7467,1/22/15,La Sarrosa,6.66574,Above road,15.1754,-87.8164,"(15.1754, -87.816400000000002)",Landslide,Rockfall,Small,Continuous rain,,0,0
7468,6/13/15,El Tablón ,3.12986,Urban area,14.0592,-87.155,"(14.059200000000001, -87.155000000000001)",Landslide,Landslide,Medium,Downpour,,1,0
7469,12/16/15,Olcuatitán,8.93271,Below road,18.2341,-92.8901,"(18.234100000000002, -92.890100000000004)",Landslide,Riverbank collapse,Medium,Flooding,,0,0
7470,10/08/2015,Wiwilí,25.81514,Unknown,13.8176,-85.688,"(13.817600000000001, -85.688000000000002)",Landslide,Landslide,Medium,Rain,,0,0
7471,2/19/16,Jinotega,2.4488,Below road,13.0805,-85.9925,"(13.080500000000001, -85.992500000000007)",Landslide,Landslide,Small,Rain,,0,0
7472,12/01/2015,Bog Walk,6.71269,Above road,18.0918,-76.9429,"(18.091799999999999, -76.942899999999995)",Landslide,Landslide,Small,Rain,,0,0
7473,12/01/2015,Saint Annнўд‰ед‹ўs Bay,1.08196,Above road,18.4313,-77.1919,"(18.4313, -77.191900000000004)",Landslide,Landslide,Medium,Rain,,0,0
7474,12/01/2015,Port Antonio,4.68732,Above road,18.134,-76.4551,"(18.134, -76.455100000000002)",Landslide,Landslide,Medium,Rain,,0,0
7475,9/27/15,Las Sabanas,7.21108,Above road,13.4058,-86.6122,"(13.405799999999999, -86.612200000000001)",Landslide,Landslide,Medium,Downpour,,0,0
7476,9/27/15,Las Sabanas,4.86364,Above road,13.3864,-86.6146,"(13.3864, -86.614599999999996)",Landslide,Landslide,Medium,Rain,,0,0
7477,06/12/2015,Terrabona,18.92056,Above road,12.5769,-86.0418,"(12.5769, -86.041799999999995)",Landslide,Landslide,Medium,Rain,,0,0
7478,06/10/2015,Bonanza,10.61568,Deforested slope,13.9719,-84.6701,"(13.9719, -84.670100000000005)",Landslide,Landslide,Small,Rain,,38,0
7479,10/03/2015,Pochutla,12.33417,Unknown,17.5586,-98.9483,"(17.558599999999998, -98.948300000000003)",Landslide,Landslide,Medium,Tropical cyclone,Marty,0,0
7480,7/23/15,Siuna,1.68056,Above road,13.7484,-84.778,"(13.7484, -84.778000000000006)",Landslide,Landslide,Medium,Rain,,0,0
7481,5/13/15,San Juan de Oriente,1.5673,Natural slope,11.9013,-86.06,"(11.901300000000001, -86.06)",Landslide,Debris flow,Large,Rain,,0,0
7482,9/28/15,Tegucigalpa,0.91552,Urban area,14.0737,-87.2087,"(14.073700000000001, -87.208699999999993)",Landslide,Landslide,Small,Downpour,,0,0
7483,9/28/15,Yaguacire,1.30583,Urban area,14.0211,-87.2055,"(14.021100000000001, -87.205500000000001)",Landslide,Landslide,Medium,Downpour,,0,0
7484,09/09/2015,Río Abajo,3.63962,Retaining wall,14.1338,-87.2161,"(14.133800000000001, -87.216099999999997)",Landslide,Other,Small,Unknown,,0,0
7485,9/20/15,Tegucigalpa,2.91326,Retaining wall,14.1003,-87.226,"(14.100300000000001, -87.225999999999999)",Landslide,Riverbank collapse,Small,Flooding,,0,0
7486,10/27/15,Santo Domingo,3.21979,Above road,10.06,-84.1841,"(10.06, -84.184100000000001)",Landslide,Mudslide,Small,Rain,,0,0
7487,11/18/15,Alajuela,3.08916,Unknown,10.0442,-84.2106,"(10.0442, -84.210599999999999)",Landslide,Landslide,Small,Unknown,,0,1
7488,10/29/15,Naranjo,2.08469,Unknown,10.114,-84.3892,"(10.114000000000001, -84.389200000000002)",Landslide,Landslide,Medium,Downpour,,0,1
7489,6/21/15,Punta Peña,0.29869,Above road,8.907,-82.1867,"(8.907, -82.186700000000002)",Landslide,Landslide,Small,Rain,,0,0
7490,10/15/15,,5.15142,Above road,9.7917,-83.9815,"(9.7917000000000005, -83.981499999999997)",Landslide,Landslide,Medium,Downpour,,0,0
7491,3/20/15,Cot,9.53493,Natural slope,9.9786,-83.8542,"(9.9786000000000001, -83.854200000000006)",Landslide,Other,Medium,Volcano,,0,0
7492,3/18/15,Cartago,2.94804,Urban area,9.8815,-83.9401,"(9.8815000000000008, -83.940100000000001)",Landslide,Landslide,Medium,Downpour,,0,0
7493,11/23/15,Buenos Aires,0.35225,Above road,9.1464,-83.3268,"(9.1463999999999999, -83.326800000000006)",Landslide,Landslide,Small,Unknown,,0,0
7494,9/25/15,San José,1.16705,Urban area,9.9402,-84.0771,"(9.9402000000000008, -84.077100000000002)",Landslide,Landslide,Small,Rain,,0,0
7495,11/05/2015,Mercedes,10.01198,Above road,9.3496,-83.5565,"(9.3496000000000006, -83.5565)",Landslide,Landslide,Medium,Rain,,0,0
7496,11/11/2015,Santiago,8.27042,Above road,9.8747,-84.3841,"(9.8747000000000007, -84.384100000000004)",Landslide,Landslide,Small,Rain,,0,0
7497,6/29/15,Changuinola,5.97977,Above road,9.388,-82.4858,"(9.3879999999999999, -82.485799999999998)",Landslide,Landslide,Small,Downpour,,0,0
7498,6/29/15,Valle del Risco,6.65185,Unknown,9.2102,-82.3705,"(9.2102000000000004, -82.370500000000007)",Landslide,Landslide,Medium,Downpour,,0,0
7499,12/21/15,Pueblo Nuevo,3.92621,Above road,8.8543,-82.1825,"(8.8543000000000003, -82.182500000000005)",Landslide,Mudslide,Small,Rain,,0,0
7500,5/24/15,Valle del Risco,5.13913,Above road,9.2279,-82.3808,"(9.2279, -82.380799999999994)",Landslide,Mudslide,Medium,Rain,,0,0
7501,10/08/2015,Cauchero,4.4563,Above road,9.1261,-82.2996,"(9.1260999999999992, -82.299599999999998)",Landslide,Landslide,Small,Rain,,0,0
7502,02/10/2015,Boca de Balsa,2.44254,Above road,8.5121,-82.0513,"(8.5121000000000002, -82.051299999999998)",Landslide,Landslide,Medium,Rain,,0,0
7503,11/23/15,Río Sereno,3.66775,Unknown,8.7868,-82.8662,"(8.7867999999999995, -82.866200000000006)",Landslide,Landslide,Medium,Rain,,0,0
7504,11/22/15,Palmira Centro,0.90169,Above road,8.7463,-82.4569,"(8.7462999999999997, -82.456900000000005)",Landslide,Landslide,Medium,Rain,,0,0
7505,8/26/15,Breñón,0.37999,Below road,8.5772,-82.8232,"(8.5771999999999995, -82.8232)",Landslide,Landslide,Medium,Continuous rain,,0,0
7506,09/10/2015,San Miguelito,2.57852,Unknown,9.0539,-79.4945,"(9.0539000000000005, -79.494500000000002)",Landslide,Landslide,Large,Downpour,,45,0
7507,11/11/2015,Monte Lirio,6.74338,Above road,8.833,-82.8014,"(8.8330000000000002, -82.801400000000001)",Landslide,Landslide,Small,Downpour,,0,0
7508,9/17/15,Caballero,0.21605,Other,8.5415,-80.1978,"(8.5414999999999992, -80.197800000000001)",Landslide,Landslide,Medium,Flooding,,0,0
7509,09/10/2015,San Miguelito,2.59449,Urban area,9.0417,-79.4487,"(9.0417000000000005, -79.448700000000002)",Landslide,Landslide,Large,Downpour,,0,0
7510,8/31/15,San Miguelito,3.30848,Urban area,9.0688,-79.4944,"(9.0687999999999995, -79.494399999999999)",Landslide,Landslide,Medium,Downpour,,0,0
7511,8/31/15,San Miguelito,3.54386,Urban area,9.0772,-79.4882,"(9.0771999999999995, -79.488200000000006)",Landslide,Landslide,Medium,Downpour,,0,0
7512,9/22/15,Arraiján,1.80341,Urban area,8.9496,-79.6336,"(8.9496000000000002, -79.633600000000001)",Landslide,Landslide,Medium,Downpour,,0,0
7513,05/09/2015,Mutatá,15.04256,Above road,7.1107,-76.4089,"(7.1106999999999996, -76.408900000000003)",Landslide,Landslide,Medium,Downpour,,0,0
7514,5/23/15,Santo Domingo,0.76257,Below road,15.0337,-92.1124,"(15.0337, -92.112399999999994)",Landslide,Landslide,Medium,Rain,,0,0
7515,10/21/15,Motozintla de Mendoza,2.06743,Above road,15.3482,-92.2523,"(15.3482, -92.252300000000005)",Landslide,Landslide,Medium,Rain,,0,0
7516,10/21/15,Emiliano Zapata,4.68443,Below road,17.7055,-91.7416,"(17.705500000000001, -91.741600000000005)",Landslide,Landslide,Medium,Rain,cold front No. 7,0,0
7517,09/12/2015,Tila,1.73469,Below road,17.3112,-92.4393,"(17.311199999999999, -92.439300000000003)",Landslide,Landslide,Medium,Rain,,0,0
7518,10/15/15,Tenosique de Pino Suárez,15.2226,Below road,17.4054,-91.2988,"(17.4054, -91.2988)",Landslide,Landslide,Medium,Flooding,,0,0
7519,2/24/16,Springville,8.58443,Above road,37.2699,-81.3724,"(37.2699, -81.372399999999999)",Landslide,Landslide,Medium,Unknown,,0,0
7520,2/24/16,Crafton,1.45894,Above road,40.4377,-80.083,"(40.4377, -80.082999999999998)",Landslide,Rockfall,Small,Rain,,0,0
7521,2/15/16,Glenwood Springs,13.85194,Above road,39.5926,-107.1799,"(39.592599999999997, -107.1799)",Landslide,Rockfall,Medium,Freeze thaw,,0,0
7522,2/24/16,Pembroke,3.21144,Above road,37.3444,-80.6203,"(37.3444, -80.6203)",Landslide,Rockfall,Medium,Unknown,,0,0
7524,2/21/16,Charleston,6.43349,Above road,38.3989,-81.585,"(38.398899999999998, -81.584999999999994)",Landslide,Landslide,Medium,Unknown,,0,0
7526,2/24/16,Hamilton,2.00473,Above road,43.2372,-79.8324,"(43.237200000000001, -79.832400000000007)",Landslide,Rockfall,Small,Freeze thaw,,0,0
7527,1/28/16,Blowing Rock,4.20387,Above road,36.1062,-81.6475,"(36.106200000000001, -81.647499999999994)",Landslide,Rockfall,Medium,Unknown,,0,0
7528,2/24/16,New Haven,6.83465,Above road,38.9519,-81.9082,"(38.951900000000002, -81.908199999999994)",Landslide,Rockfall,Small,Rain,,0,0
7529,2/27/16,Cascade,22.78728,Above road,44.3127,-116.076,"(44.3127, -116.07599999999999)",Landslide,Rockfall,Small,Unknown,,0,0
7530,2/27/16,Idaho City,24.16064,Above road,44.104,-116.0033,"(44.103999999999999, -116.0033)",Landslide,Rockfall,Small,Rain,,1,0
7531,2/14/16,Durango,22.57467,Above road,37.072,-107.8717,"(37.072000000000003, -107.8717)",Landslide,Rockfall,Small,Freeze thaw,,0,0
7532,2/26/16,Jacksboro,8.43321,Above road,36.3833,-84.2508,"(36.383299999999998, -84.250799999999998)",Landslide,Rockfall,Small,Unknown,,0,0
7533,2/27/16,Bluewell,5.07093,Above road,37.3287,-81.3134,"(37.328699999999998, -81.313400000000001)",Landslide,Rockfall,Small,Unknown,,0,0
7534,11/29/15,Tryon,7.69666,Above road,35.2207,-82.3216,"(35.220700000000001, -82.321600000000004)",Landslide,Mudslide,Medium,Unknown,,0,0
7535,12/07/2015,Tryon,7.80866,Above road,35.2219,-82.3226,"(35.221899999999998, -82.322599999999994)",Landslide,Rockfall,Small,,,0,0
7537,2/22/16,Charleston,6.84721,Natural slope,38.3987,-81.5848,"(38.398699999999998, -81.584800000000001)",Landslide,Mudslide,Small,Unknown,,0,0
7539,2/23/16,Welch,14.19735,Above road,37.4096,-81.4268,"(37.409599999999998, -81.4268)",Landslide,Landslide,Small,Rain,,0,0
7540,2/26/16,Athens,12.00678,Above road,37.5011,-81.1093,"(37.501100000000001, -81.109300000000005)",Landslide,Rockfall,Small,Unknown,,0,0
7541,03/02/2016,Windsor,1.78429,Above road,43.4771,-72.4066,"(43.4771, -72.406599999999997)",Landslide,Rockfall,Small,Unknown,,0,0
